{"stats":{"minecraft:killed":{"minecraft:witch":2},"minecraft:mined":{"minecraft:large_fern":1,"minecraft:pink_petals":2,"minecraft:cherry_log":3,"minecraft:peony":2,"minecraft:grass":1,"minecraft:vine":2,"minecraft:cobweb":3,"minecraft:tall_grass":1,"minecraft:bamboo":2,"minecraft:cyan_bed":1},"minecraft:used":{"farmersdelight:diamond_knife":28,"minecraft:cyan_bed":1,"minecraft:bread":6,"minecraft:crafting_table":1,"tombstone:gift":6,"alexsmobs:animal_dictionary":1},"minecraft:picked_up":{"minecraft:pink_petals":24,"minecraft:stick":2,"minecraft:iron_chestplate":1,"minecraft:cherry_log":7,"tombstone:grave_dust":1,"minecraft:gunpowder":2,"minecraft:cyan_bed":1,"minecraft:redstone":4,"minecraft:string":3,"minecraft:dirt":17,"tombstone:gift":1,"minecraft:armor_stand":1,"minecraft:wheat_seeds":2,"minecraft:peony":2,"minecraft:cherry_sapling":1,"minecraft:bamboo":28},"minecraft:custom":{"minecraft:time_since_rest":13,"minecraft:interact_with_smithing_table":2,"minecraft:sprint_one_cm":58455,"minecraft:damage_taken":1438,"minecraft:walk_one_cm":51751,"minecraft:mob_kills":3,"minecraft:drop":2,"tombstone:raider_killed":2,"minecraft:damage_dealt":922,"minecraft:fly_one_cm":52419,"minecraft:interact_with_crafting_table":3,"minecraft:open_chest":4,"minecraft:crouch_one_cm":2000,"minecraft:play_time":28626,"minecraft:deaths":4,"minecraft:sneak_time":305,"minecraft:jump":256,"minecraft:interact_with_blast_furnace":2,"minecraft:leave_game":1,"minecraft:time_since_death":2043,"minecraft:walk_on_water_one_cm":666,"minecraft:total_world_time":28626,"minecraft:climb_one_cm":835,"minecraft:fall_one_cm":6897},"minecraft:crafted":{"minecraft:cherry_planks":28,"minecraft:crafting_table":1,"minecraft:stick":4,"farmersdelight:diamond_knife":1},"minecraft:dropped":{"tombstone:gift":1,"tombstone:grave_dust":1}},"DataVersion":3465}