{"stats":{"minecraft:killed":{"minecraft:zombie":2,"minecraft:witch":5,"minecraft:skeleton":1,"alexsmobs:alligator_snapping_turtle":2},"minecraft:mined":{"minecraft:large_fern":5,"minecraft:pink_petals":2,"minecraft:cherry_log":3,"minecraft:peony":2,"minecraft:grass":15,"minecraft:vine":5,"minecraft:cobweb":8,"minecraft:tall_grass":1,"minecraft:bamboo":2,"minecraft:cyan_bed":1,"minecraft:lily_pad":1,"minecraft:white_wool":2,"minecraft:fern":5},"minecraft:used":{"farmersdelight:diamond_knife":66,"minecraft:cyan_bed":1,"minecraft:bread":10,"minecraft:iron_sword":34,"minecraft:crafting_table":2,"tombstone:gift":6,"alexsmobs:animal_dictionary":1},"minecraft:picked_up":{"minecraft:pink_petals":24,"minecraft:stick":5,"minecraft:iron_chestplate":1,"minecraft:lily_pad":1,"minecraft:cherry_log":7,"tombstone:grave_dust":1,"minecraft:gunpowder":6,"minecraft:cyan_bed":1,"minecraft:redstone":10,"minecraft:string":8,"minecraft:dirt":17,"tombstone:gift":1,"minecraft:rotten_flesh":1,"minecraft:armor_stand":1,"minecraft:bone":2,"minecraft:arrow":1,"minecraft:sugar":1,"minecraft:wheat_seeds":3,"minecraft:peony":2,"farmersdelight:straw":2,"minecraft:cherry_sapling":1,"minecraft:bamboo":28,"minecraft:white_wool":2},"minecraft:custom":{"minecraft:time_since_rest":1424,"minecraft:interact_with_smithing_table":2,"minecraft:sprint_one_cm":93056,"minecraft:damage_taken":2775,"minecraft:walk_one_cm":86949,"minecraft:mob_kills":11,"minecraft:drop":2,"tombstone:raider_killed":5,"minecraft:damage_dealt":3096,"minecraft:fly_one_cm":92149,"minecraft:interact_with_crafting_table":4,"minecraft:open_chest":8,"minecraft:crouch_one_cm":2383,"minecraft:interact_with_loom":1,"minecraft:play_time":40626,"tombstone:undead_killed":3,"minecraft:deaths":8,"minecraft:sneak_time":354,"minecraft:walk_under_water_one_cm":449,"minecraft:jump":436,"minecraft:interact_with_grindstone":1,"minecraft:interact_with_blast_furnace":2,"minecraft:leave_game":1,"minecraft:time_since_death":1492,"minecraft:walk_on_water_one_cm":4274,"minecraft:sleep_in_bed":3,"minecraft:total_world_time":40626,"minecraft:climb_one_cm":1387,"minecraft:fall_one_cm":8329},"minecraft:crafted":{"minecraft:cherry_planks":28,"minecraft:crafting_table":2,"minecraft:stick":4,"minecraft:iron_sword":1,"farmersdelight:diamond_knife":1},"minecraft:dropped":{"tombstone:gift":1,"tombstone:grave_dust":1}},"DataVersion":3465}