{"stats":{"minecraft:custom":{"minecraft:time_since_rest":13019,"minecraft:crouch_one_cm":1183,"minecraft:play_time":17662,"minecraft:sprint_one_cm":16036,"minecraft:walk_one_cm":25553,"minecraft:damage_taken":970,"minecraft:deaths":3,"minecraft:sneak_time":198,"minecraft:mob_kills":1,"minecraft:drop":1,"minecraft:jump":54,"minecraft:damage_dealt":135,"minecraft:leave_game":1,"minecraft:time_since_death":15087,"minecraft:total_world_time":17662,"minecraft:fly_one_cm":7570,"minecraft:fall_one_cm":1650},"minecraft:used":{"alexsmobs:animal_dictionary":1},"minecraft:picked_up":{"tombstone:gift":1,"minecraft:pink_petals":21,"minecraft:wheat_seeds":2,"minecraft:peony":2,"minecraft:cherry_log":6,"minecraft:bamboo":28,"minecraft:dirt":17},"minecraft:dropped":{"tombstone:gift":1},"minecraft:mined":{"minecraft:pink_petals":1,"minecraft:tall_grass":1,"minecraft:cherry_log":3,"minecraft:bamboo":2,"minecraft:peony":2}},"DataVersion":3465}