{"stats":{"minecraft:mined":{"minecraft:large_fern":1,"minecraft:grass":8,"minecraft:dead_bush":1,"minecraft:fern":3},"minecraft:picked_up":{"minecraft:wheat_seeds":3},"minecraft:custom":{"minecraft:jump":58,"minecraft:time_since_rest":1,"minecraft:sprint_one_cm":3932,"minecraft:deaths":3,"minecraft:leave_game":1,"minecraft:play_time":18498,"minecraft:damage_taken":953,"minecraft:time_since_death":1668,"minecraft:walk_one_cm":24739,"minecraft:sneak_time":25,"minecraft:total_world_time":18498,"minecraft:fall_one_cm":1738,"minecraft:fly_one_cm":6568}},"DataVersion":3465}