{"stats":{"minecraft:mined":{"minecraft:large_fern":2,"minecraft:pink_petals":5,"minecraft:carrots":1,"minecraft:wheat":17,"minecraft:cherry_log":11,"minecraft:peony":2,"minecraft:crafting_table":2,"minecraft:grass":21,"vinery:taiga_grape_bush_red":1,"minecraft:potatoes":2,"minecraft:coal_ore":11,"minecraft:dead_bush":1,"minecraft:cherry_leaves":4,"minecraft:tall_grass":3,"minecraft:stone":12,"minecraft:fern":5},"minecraft:crafted":{"minecraft:cherry_planks":12,"minecraft:crafting_table":1,"minecraft:stick":8,"minecraft:wooden_pickaxe":1,"minecraft:stone_pickaxe":1,"minecraft:torch":4,"minecraft:bread":5},"minecraft:dropped":{"minecraft:iron_sword":1,"minecraft:apple":1},"minecraft:killed":{"minecraft:zombie":1},"minecraft:used":{"minecraft:wheat_seeds":18,"minecraft:bread":3,"minecraft:stone_pickaxe":5,"minecraft:wooden_pickaxe":18,"minecraft:cherry_planks":1,"minecraft:iron_sword":5,"minecraft:crafting_table":2,"brewery:corn":1,"minecraft:carrot":2,"tombstone:gift":2,"alexsmobs:animal_dictionary":2,"minecraft:potato":2},"minecraft:picked_up":{"minecraft:pink_petals":7,"minecraft:crafting_table":2,"minecraft:wheat":17,"minecraft:potato":2,"minecraft:cherry_log":11,"minecraft:carrot":2,"minecraft:dirt":3,"minecraft:rotten_flesh":2,"minecraft:apple":1,"minecraft:peony":1,"minecraft:wheat_seeds":48,"brewery:corn":1,"minecraft:cherry_sapling":3,"minecraft:chainmail_helmet":1,"minecraft:poppy":1,"minecraft:coal":11,"minecraft:iron_sword":3,"minecraft:cobblestone":26},"minecraft:custom":{"minecraft:time_since_rest":28990,"minecraft:sprint_one_cm":41639,"minecraft:damage_taken":1718,"minecraft:walk_one_cm":127835,"minecraft:mob_kills":1,"minecraft:drop":2,"minecraft:damage_dealt":204,"minecraft:interact_with_crafting_table":4,"minecraft:fly_one_cm":49009,"minecraft:crouch_one_cm":8,"minecraft:play_time":54498,"tombstone:undead_killed":1,"minecraft:deaths":5,"minecraft:sneak_time":167,"minecraft:jump":360,"minecraft:leave_game":1,"minecraft:time_since_death":30662,"minecraft:total_world_time":54498,"minecraft:fall_one_cm":7618}},"DataVersion":3465}