{"stats":{"minecraft:mined":{"minecraft:large_fern":2,"minecraft:pink_petals":5,"minecraft:cherry_log":11,"minecraft:peony":2,"minecraft:crafting_table":1,"minecraft:grass":19,"vinery:taiga_grape_bush_red":1,"minecraft:dead_bush":1,"minecraft:cherry_leaves":4,"minecraft:fern":5},"minecraft:crafted":{"minecraft:cherry_planks":12,"minecraft:crafting_table":1,"minecraft:stick":4,"minecraft:wooden_pickaxe":1},"minecraft:dropped":{"minecraft:iron_sword":1,"minecraft:apple":1},"minecraft:killed":{"minecraft:zombie":1},"minecraft:used":{"minecraft:iron_sword":5,"minecraft:crafting_table":1,"minecraft:carrot":2,"tombstone:gift":2,"alexsmobs:animal_dictionary":1},"minecraft:picked_up":{"minecraft:pink_petals":7,"minecraft:crafting_table":1,"minecraft:cherry_log":11,"minecraft:carrot":1,"minecraft:rotten_flesh":2,"minecraft:apple":1,"minecraft:peony":1,"minecraft:wheat_seeds":5,"minecraft:cherry_sapling":3,"minecraft:chainmail_helmet":1,"minecraft:poppy":1,"minecraft:iron_sword":3},"minecraft:custom":{"minecraft:time_since_rest":16990,"minecraft:sprint_one_cm":38457,"minecraft:damage_taken":1683,"minecraft:walk_one_cm":105929,"minecraft:mob_kills":1,"minecraft:drop":2,"minecraft:damage_dealt":204,"minecraft:interact_with_crafting_table":2,"minecraft:fly_one_cm":45357,"minecraft:crouch_one_cm":8,"minecraft:play_time":42498,"tombstone:undead_killed":1,"minecraft:deaths":5,"minecraft:sneak_time":155,"minecraft:jump":337,"minecraft:leave_game":1,"minecraft:time_since_death":18662,"minecraft:total_world_time":42498,"minecraft:fall_one_cm":7369}},"DataVersion":3465}