{"stats":{"minecraft:mined":{"minecraft:large_fern":2,"minecraft:pink_petals":6,"minecraft:carrots":9,"minecraft:wheat":17,"minecraft:cherry_log":14,"minecraft:torch":2,"minecraft:peony":2,"minecraft:crafting_table":2,"minecraft:grass":25,"vinery:taiga_grape_bush_red":1,"minecraft:potatoes":3,"minecraft:coal_ore":12,"minecraft:beetroots":1,"minecraft:dead_bush":1,"minecraft:cherry_leaves":4,"minecraft:tall_grass":3,"minecraft:stone":13,"minecraft:fern":5},"minecraft:crafted":{"minecraft:cherry_planks":12,"minecraft:crafting_table":1,"minecraft:stick":8,"minecraft:wooden_pickaxe":1,"minecraft:stone_pickaxe":1,"minecraft:torch":4,"minecraft:bread":5},"minecraft:dropped":{"minecraft:iron_sword":1,"minecraft:apple":1},"minecraft:killed":{"minecraft:zombie":3},"minecraft:used":{"minecraft:wheat_seeds":40,"minecraft:bread":4,"minecraft:stone_pickaxe":7,"minecraft:wooden_pickaxe":18,"minecraft:cherry_planks":1,"minecraft:iron_sword":12,"minecraft:torch":2,"minecraft:crafting_table":2,"brewery:corn":1,"minecraft:beetroot_seeds":3,"minecraft:carrot":28,"tombstone:gift":2,"alexsmobs:animal_dictionary":2,"minecraft:potato":2},"minecraft:picked_up":{"minecraft:pink_petals":11,"minecraft:crafting_table":2,"apotheosis:gem":4,"minecraft:wheat":17,"minecraft:torch":2,"minecraft:potato":4,"minecraft:cherry_log":14,"tombstone:grave_dust":1,"minecraft:carrot":22,"minecraft:dirt":3,"minecraft:bundle":1,"minecraft:beetroot":1,"minecraft:rotten_flesh":17,"minecraft:apple":1,"minecraft:beetroot_seeds":3,"minecraft:peony":1,"minecraft:wheat_seeds":49,"brewery:corn":1,"minecraft:cherry_sapling":3,"minecraft:chainmail_helmet":1,"minecraft:poppy":1,"minecraft:coal":13,"minecraft:iron_sword":3,"minecraft:cobblestone":27},"minecraft:custom":{"minecraft:time_since_rest":3657,"minecraft:sprint_one_cm":50338,"minecraft:damage_taken":1949,"minecraft:walk_one_cm":190734,"minecraft:mob_kills":3,"minecraft:drop":2,"tombstone:raider_killed":2,"minecraft:damage_dealt":525,"minecraft:talked_to_villager":1,"minecraft:interact_with_crafting_table":4,"minecraft:fly_one_cm":59036,"minecraft:crouch_one_cm":8,"minecraft:play_time":66498,"tombstone:undead_killed":3,"minecraft:deaths":5,"minecraft:sneak_time":191,"minecraft:jump":442,"minecraft:sleep_in_bed":2,"minecraft:leave_game":1,"minecraft:walk_on_water_one_cm":863,"minecraft:time_since_death":42662,"minecraft:total_world_time":66498,"minecraft:fall_one_cm":8496}},"DataVersion":3465}