{"stats":{"minecraft:mined":{"minecraft:birch_log":10,"minecraft:cherry_log":33,"minecraft:stripped_cherry_log":1,"minecraft:birch_leaves":15,"minecraft:crafting_table":1,"minecraft:grass":1,"minecraft:grass_block":1,"minecraft:oak_log":1,"minecraft:cherry_leaves":3,"minecraft:tall_grass":2,"minecraft:stone":27,"minecraft:oak_leaves":3,"minecraft:fern":2},"minecraft:used":{"minecraft:stone_pickaxe":26,"minecraft:wooden_pickaxe":3,"minecraft:stone_axe":53,"minecraft:crafting_table":1,"alexsmobs:animal_dictionary":2},"minecraft:picked_up":{"minecraft:birch_log":10,"minecraft:stick":2,"minecraft:crafting_table":1,"minecraft:stripped_cherry_log":1,"minecraft:oak_log":1,"minecraft:cherry_log":33,"minecraft:dirt":1,"minecraft:wheat_seeds":1,"minecraft:cherry_sapling":2,"minecraft:birch_sapling":1,"minecraft:cobblestone":27},"minecraft:custom":{"minecraft:time_since_rest":9210,"minecraft:sprint_one_cm":18165,"minecraft:damage_taken":555,"minecraft:walk_one_cm":30163,"minecraft:damage_dealt":10,"minecraft:interact_with_crafting_table":4,"minecraft:fly_one_cm":28970,"minecraft:play_time":12449,"minecraft:deaths":2,"minecraft:jump":173,"minecraft:time_since_death":10285,"minecraft:total_world_time":12449,"minecraft:fall_one_cm":4669},"minecraft:crafted":{"minecraft:cherry_planks":12,"minecraft:crafting_table":1,"minecraft:stick":8,"minecraft:wooden_pickaxe":1,"minecraft:stone_pickaxe":1,"minecraft:stone_sword":1,"minecraft:stone_axe":1}},"DataVersion":3465}