{"stats":{"minecraft:killed":{"alexsmobs:fly":1},"minecraft:mined":{"minecraft:cherry_planks":1,"minecraft:cherry_log":33,"minecraft:stripped_cherry_log":1,"minecraft:crafting_table":3,"minecraft:grass_block":8,"minecraft:tall_grass":2,"minecraft:copper_ore":4,"minecraft:moss_block":1,"minecraft:pink_petals":2,"minecraft:furnace":1,"minecraft:birch_log":16,"minecraft:iron_ore":19,"minecraft:birch_leaves":15,"minecraft:grass":2,"minecraft:coal_ore":23,"minecraft:oak_log":1,"minecraft:cherry_leaves":8,"minecraft:dirt":14,"minecraft:stone":113,"minecraft:oak_leaves":3,"minecraft:fern":2},"minecraft:used":{"minecraft:cooked_mutton":4,"minecraft:stone_sword":4,"minecraft:stone_pickaxe":133,"minecraft:shield":2,"minecraft:wooden_pickaxe":3,"minecraft:cherry_planks":4,"minecraft:iron_sword":3,"minecraft:torch":4,"minecraft:dirt":3,"minecraft:crafting_table":3,"minecraft:iron_pickaxe":30,"minecraft:stone_axe":61,"minecraft:cobblestone":6,"minecraft:furnace":1,"minecraft:birch_log":6,"tombstone:gift":2,"alexsmobs:animal_dictionary":2,"minecraft:cooked_beef":2},"minecraft:picked_up":{"minecraft:birch_log":16,"minecraft:pink_petals":18,"minecraft:crafting_table":3,"minecraft:cooked_beef":1,"minecraft:stripped_cherry_log":1,"minecraft:oak_log":1,"minecraft:shield":1,"minecraft:dirt":22,"minecraft:raw_copper":13,"minecraft:wheat_seeds":1,"minecraft:iron_ingot":3,"minecraft:moss_block":1,"minecraft:birch_sapling":1,"minecraft:furnace":1,"minecraft:stick":2,"minecraft:raw_iron":19,"minecraft:torch":8,"minecraft:cherry_log":33,"minecraft:cherry_sapling":2,"alexsmobs:maggot":1,"minecraft:coal":19,"minecraft:cobblestone":101},"minecraft:custom":{"minecraft:interact_with_furnace":14,"minecraft:mob_kills":1,"minecraft:interact_with_crafting_table":9,"minecraft:leave_game":1,"minecraft:time_since_death":4403,"minecraft:sleep_in_bed":1,"minecraft:climb_one_cm":1449,"minecraft:time_since_rest":4302,"minecraft:sprint_one_cm":77448,"minecraft:damage_taken":1284,"minecraft:walk_one_cm":126602,"minecraft:damage_blocked_by_shield":105,"minecraft:damage_dealt":379,"minecraft:fly_one_cm":74854,"minecraft:open_chest":18,"minecraft:play_time":46215,"minecraft:deaths":3,"minecraft:walk_under_water_one_cm":2846,"minecraft:jump":551,"minecraft:interact_with_blast_furnace":1,"minecraft:walk_on_water_one_cm":643,"minecraft:total_world_time":46215,"minecraft:fall_one_cm":17055},"minecraft:broken":{"minecraft:stone_pickaxe":1},"minecraft:crafted":{"minecraft:cooked_beef":3,"minecraft:cherry_planks":16,"minecraft:oak_planks":4,"minecraft:crafting_table":1,"minecraft:wooden_pickaxe":1,"minecraft:iron_helmet":1,"minecraft:iron_sword":1,"minecraft:furnace":1,"minecraft:stone_axe":1,"minecraft:cooked_mutton":4,"minecraft:air":0,"minecraft:stick":16,"minecraft:iron_ingot":10,"minecraft:iron_pickaxe":2,"minecraft:stone_pickaxe":1,"minecraft:stone_sword":1,"minecraft:torch":12}},"DataVersion":3465}