{"stats":{"minecraft:killed":{"minecraft:skeleton":2,"minecraft:sheep":6,"minecraft:zombie":4},"minecraft:mined":{"create:zinc_ore":35,"minecraft:cherry_planks":11,"minecraft:cherry_log":19,"minecraft:dark_oak_log":22,"minecraft:oak_fence":1,"minecraft:crafting_table":7,"minecraft:torch":2,"minecraft:emerald_ore":1,"minecraft:tall_grass":1,"minecraft:copper_ore":6,"minecraft:lapis_ore":4,"minecraft:sugar_cane":3,"minecraft:wall_torch":4,"minecraft:hay_block":8,"minecraft:furnace":2,"minecraft:iron_ore":37,"minecraft:wheat":13,"minecraft:andesite":93,"minecraft:grass":6,"minecraft:coal_ore":71,"minecraft:cherry_leaves":3,"minecraft:stone":31,"minecraft:gold_ore":4,"minecraft:fern":1},"minecraft:picked_up":{"minecraft:crafting_table":7,"minecraft:wheat":14,"minecraft:cherry_planks":11,"minecraft:andesite":92,"create:raw_zinc":34,"tombstone:grave_key":2,"minecraft:lapis_lazuli":22,"minecraft:dirt":8,"minecraft:raw_copper":16,"minecraft:bone":2,"minecraft:wheat_seeds":35,"minecraft:raw_gold":4,"minecraft:iron_ingot":1,"minecraft:bamboo":3,"minecraft:sugar_cane":6,"minecraft:furnace":2,"minecraft:dark_oak_sapling":7,"minecraft:stick":6,"minecraft:raw_iron":37,"minecraft:oak_fence":1,"minecraft:torch":6,"minecraft:cherry_log":16,"tombstone:grave_dust":1,"minecraft:dark_oak_log":22,"minecraft:arrow":3,"minecraft:rotten_flesh":6,"minecraft:peony":1,"minecraft:hay_block":8,"minecraft:emerald":1,"tombstone:essence_of_undeath":1,"alexsmobs:banana_slug_slime":1,"minecraft:mutton":10,"minecraft:coal":71,"minecraft:white_wool":6,"minecraft:cobblestone":34},"minecraft:used":{"minecraft:oak_fence":1,"minecraft:stone_sword":1,"minecraft:stone_pickaxe":224,"minecraft:wooden_pickaxe":26,"minecraft:cherry_planks":11,"minecraft:iron_sword":29,"minecraft:rotten_flesh":2,"minecraft:iron_chestplate":1,"minecraft:torch":35,"minecraft:dirt":7,"minecraft:crafting_table":7,"minecraft:wooden_axe":61,"minecraft:dark_oak_log":3,"minecraft:bread":14,"minecraft:iron_pickaxe":58,"minecraft:iron_helmet":1,"minecraft:cobblestone":3,"minecraft:furnace":2,"minecraft:andesite":10,"alexsmobs:animal_dictionary":1},"minecraft:custom":{"minecraft:interact_with_furnace":13,"minecraft:mob_kills":13,"minecraft:interact_with_crafting_table":13,"minecraft:open_barrel":6,"minecraft:leave_game":1,"minecraft:time_since_death":9931,"minecraft:climb_one_cm":380,"minecraft:time_since_rest":7532,"minecraft:sprint_one_cm":172250,"minecraft:damage_taken":861,"minecraft:walk_one_cm":196704,"minecraft:drop":4,"minecraft:damage_dealt":1955,"minecraft:swim_one_cm":1040,"minecraft:fly_one_cm":108966,"minecraft:open_chest":3,"minecraft:crouch_one_cm":10398,"minecraft:play_time":65071,"tombstone:undead_killed":6,"minecraft:deaths":1,"minecraft:sneak_time":4626,"minecraft:walk_under_water_one_cm":267,"minecraft:jump":886,"minecraft:walk_on_water_one_cm":3595,"minecraft:interact_with_smoker":1,"minecraft:total_world_time":65071,"minecraft:fall_one_cm":19197},"minecraft:broken":{"minecraft:stone_pickaxe":1,"minecraft:wooden_axe":1},"minecraft:crafted":{"minecraft:cherry_planks":24,"minecraft:crafting_table":1,"minecraft:wooden_pickaxe":1,"minecraft:iron_helmet":1,"minecraft:iron_sword":1,"minecraft:furnace":1,"minecraft:bread":28,"minecraft:cooked_mutton":10,"minecraft:air":0,"minecraft:iron_chestplate":1,"minecraft:stick":24,"minecraft:iron_ingot":17,"minecraft:iron_pickaxe":1,"minecraft:stone_pickaxe":2,"minecraft:wooden_axe":1,"minecraft:stone_sword":1,"minecraft:torch":72,"minecraft:wheat":72},"minecraft:dropped":{"minecraft:peony":1,"tombstone:grave_key":1,"minecraft:cherry_planks":2}},"DataVersion":3465}