{"stats":{"minecraft:killed":{"alexscaves:brainiac":1,"minecraft:vindicator":1,"minecraft:slime":4,"minecraft:skeleton":10,"minecraft:horse":1,"trials:bogged":1,"alexscaves:gammaroach":1,"minecraft:creeper":1,"minecraft:sheep":7,"minecraft:pillager":2,"minecraft:zombie":12,"minecraft:donkey":3,"minecraft:enderman":1},"minecraft:mined":{"create:zinc_ore":35,"alexscaves:radrock":31,"minecraft:cherry_log":19,"minecraft:dark_oak_log":26,"minecraft:dark_oak_fence":2,"minecraft:grass_block":3,"minecraft:redstone_wire":19,"minecraft:hay_block":15,"alexscaves:radrock_uranium_ore":2,"minecraft:furnace":6,"minecraft:iron_ore":54,"minecraft:andesite":102,"minecraft:pumpkin":14,"minecraft:bookshelf":43,"minecraft:iron_bars":9,"alexscaves:underweed":1,"minecraft:stone":134,"minecraft:cherry_planks":11,"minecraft:comparator":1,"minecraft:smoker":2,"minecraft:stripped_dark_oak_log":1,"minecraft:oak_fence":1,"minecraft:crafting_table":12,"minecraft:torch":5,"minecraft:blast_furnace":4,"minecraft:emerald_ore":1,"minecraft:chest":7,"minecraft:lectern":1,"minecraft:tall_grass":1,"minecraft:copper_ore":6,"minecraft:cobblestone":3,"minecraft:lapis_ore":8,"minecraft:lily_pad":1,"minecraft:sugar_cane":7,"minecraft:wall_torch":7,"minecraft:mud":1,"minecraft:wheat":31,"minecraft:grass":10,"minecraft:oak_log":1,"minecraft:coal_ore":85,"minecraft:cherry_leaves":3,"minecraft:cobweb":35,"minecraft:gold_ore":4,"minecraft:piston":1,"minecraft:oak_leaves":2,"minecraft:fern":1},"minecraft:picked_up":{"minecraft:crafting_table":12,"alexscaves:waste_drum":4,"minecraft:wheat":31,"minecraft:wooden_pickaxe":2,"minecraft:enchanted_book":1,"tombstone:grave_key":2,"minecraft:string":35,"minecraft:raw_copper":16,"minecraft:comparator":1,"minecraft:lectern":1,"minecraft:sugar_cane":17,"minecraft:chest":7,"minecraft:piston":1,"minecraft:furnace":6,"minecraft:iron_boots":2,"minecraft:egg":1,"minecraft:dark_oak_sapling":7,"minecraft:stick":8,"minecraft:raw_iron":54,"alexscaves:geothermal_vent":1,"minecraft:oak_fence":1,"minecraft:torch":11,"minecraft:cherry_log":16,"tombstone:grave_dust":5,"minecraft:redstone":19,"minecraft:arrow":10,"minecraft:rotten_flesh":16,"minecraft:stone_shovel":2,"minecraft:peony":1,"minecraft:hay_block":15,"tombstone:essence_of_undeath":2,"minecraft:mutton":10,"minecraft:iron_bars":18,"minecraft:cobblestone":146,"minecraft:white_wool":13,"minecraft:cherry_planks":11,"artifacts:eternal_steak":1,"minecraft:andesite":167,"minecraft:leather":4,"minecraft:smoker":2,"minecraft:lily_pad":2,"create:raw_zinc":34,"minecraft:oak_log":1,"minecraft:yellow_bed":1,"minecraft:gunpowder":2,"minecraft:paper":1,"minecraft:dirt":15,"minecraft:lapis_lazuli":38,"minecraft:lantern":1,"minecraft:cooked_mutton":15,"minecraft:bone":9,"alexscaves:toxic_paste":2,"minecraft:wheat_seeds":81,"minecraft:raw_gold":4,"alexscaves:green_soylent":1,"minecraft:iron_ingot":10,"alexscaves:radrock":31,"minecraft:bamboo":3,"minecraft:iron_sword":1,"minecraft:book":127,"minecraft:cooked_porkchop":3,"minecraft:pumpkin":14,"alexscaves:uranium":12,"minecraft:blast_furnace":4,"minecraft:dark_oak_log":26,"minecraft:bread":9,"minecraft:emerald":2,"alexsmobs:banana_slug_slime":1,"alexsmobs:maggot":1,"minecraft:oak_sapling":1,"minecraft:stripped_dark_oak_log":1,"minecraft:dark_oak_fence":1,"minecraft:coal":148,"minecraft:ender_pearl":1},"minecraft:used":{"minecraft:oak_fence":1,"minecraft:stone_sword":1,"minecraft:iron_sword":151,"minecraft:rotten_flesh":7,"minecraft:iron_chestplate":1,"minecraft:torch":83,"minecraft:dirt":7,"minecraft:wooden_axe":61,"minecraft:lantern":1,"minecraft:iron_axe":115,"minecraft:iron_helmet":1,"minecraft:iron_boots":1,"minecraft:bow":3,"minecraft:furnace":5,"tombstone:gift":4,"minecraft:iron_leggings":1,"minecraft:cooked_mutton":13,"minecraft:stone_pickaxe":238,"minecraft:wooden_pickaxe":26,"minecraft:cherry_planks":11,"minecraft:crafting_table":14,"minecraft:smoker":1,"minecraft:apple":2,"minecraft:diamond_shovel":3,"minecraft:dark_oak_log":8,"minecraft:iron_pickaxe":284,"minecraft:bread":59,"minecraft:map":1,"minecraft:lectern":1,"minecraft:cobblestone":43,"minecraft:cooked_porkchop":8,"minecraft:andesite":39,"alexsmobs:animal_dictionary":1,"alexscaves:radrock":30},"minecraft:custom":{"minecraft:interact_with_smithing_table":2,"minecraft:mob_kills":47,"minecraft:interact_with_crafting_table":25,"minecraft:open_barrel":17,"minecraft:damage_dealt_resisted":93,"minecraft:leave_game":3,"minecraft:time_since_death":934,"minecraft:climb_one_cm":3901,"minecraft:sprint_one_cm":548184,"minecraft:walk_one_cm":818535,"minecraft:drop":37,"minecraft:damage_dealt_absorbed":40,"minecraft:talked_to_villager":1,"minecraft:play_time":242077,"minecraft:deaths":3,"minecraft:sneak_time":16256,"minecraft:walk_under_water_one_cm":9042,"minecraft:boat_one_cm":223824,"minecraft:jump":2959,"minecraft:walk_on_water_one_cm":51063,"minecraft:total_world_time":242077,"minecraft:interact_with_furnace":35,"tombstone:raider_killed":3,"minecraft:interact_with_cartography_table":7,"minecraft:time_since_rest":779,"minecraft:damage_taken":4897,"minecraft:damage_dealt":8633,"minecraft:swim_one_cm":21847,"minecraft:fly_one_cm":466980,"minecraft:open_chest":42,"minecraft:crouch_one_cm":32770,"tombstone:undead_killed":24,"minecraft:interact_with_smoker":6,"minecraft:fall_one_cm":63826},"minecraft:broken":{"minecraft:stone_pickaxe":2,"minecraft:iron_pickaxe":1,"minecraft:iron_helmet":1,"minecraft:wooden_axe":1},"minecraft:crafted":{"minecraft:cherry_planks":36,"minecraft:oak_planks":4,"minecraft:furnace":1,"minecraft:cooked_mutton":10,"minecraft:bow":1,"minecraft:iron_boots":1,"minecraft:iron_axe":1,"minecraft:stone_pickaxe":2,"minecraft:wheat":135,"sophisticatedbackpacks:backpack":1,"minecraft:cooked_porkchop":6,"minecraft:map":1,"minecraft:crafting_table":3,"minecraft:wooden_pickaxe":1,"minecraft:iron_helmet":1,"minecraft:iron_sword":1,"minecraft:bread":54,"minecraft:air":0,"minecraft:iron_chestplate":1,"minecraft:paper":9,"minecraft:stick":40,"minecraft:iron_ingot":33,"minecraft:iron_pickaxe":1,"minecraft:wooden_axe":1,"minecraft:stone_sword":1,"minecraft:iron_leggings":1,"minecraft:torch":72},"minecraft:dropped":{"minecraft:bread":10,"minecraft:iron_sword":2,"minecraft:cobblestone":8,"minecraft:dirt":6,"tombstone:grave_key":1,"minecraft:cherry_planks":2,"tombstone:grave_dust":2,"minecraft:lily_pad":1,"minecraft:white_wool":13,"alexscaves:uranium":12,"alexscaves:waste_drum":4,"minecraft:stone_shovel":1,"alexscaves:green_soylent":1,"minecraft:iron_boots":1,"minecraft:cooked_mutton":12,"alexscaves:geothermal_vent":1,"minecraft:gunpowder":6,"minecraft:peony":1,"minecraft:andesite":64,"minecraft:yellow_bed":1,"artifacts:eternal_steak":1,"minecraft:spider_eye":3,"minecraft:iron_bars":9,"minecraft:wooden_pickaxe":3}},"DataVersion":3465}