{"stats":{"minecraft:killed":{"minecraft:creeper":1,"minecraft:skeleton":5,"minecraft:sheep":6,"minecraft:zombie":6},"minecraft:mined":{"create:zinc_ore":35,"minecraft:cherry_planks":11,"minecraft:comparator":1,"minecraft:smoker":1,"minecraft:cherry_log":19,"minecraft:dark_oak_log":22,"minecraft:oak_fence":1,"minecraft:crafting_table":9,"minecraft:torch":4,"minecraft:blast_furnace":1,"minecraft:emerald_ore":1,"minecraft:grass_block":1,"minecraft:lectern":1,"minecraft:redstone_wire":19,"minecraft:tall_grass":1,"minecraft:copper_ore":6,"minecraft:lapis_ore":4,"minecraft:lily_pad":1,"minecraft:sugar_cane":7,"minecraft:wall_torch":5,"minecraft:hay_block":8,"minecraft:furnace":4,"minecraft:iron_ore":51,"minecraft:wheat":31,"minecraft:andesite":102,"minecraft:grass":7,"minecraft:bookshelf":43,"minecraft:oak_log":1,"minecraft:coal_ore":85,"minecraft:iron_bars":9,"minecraft:cherry_leaves":3,"minecraft:cobweb":30,"minecraft:stone":134,"minecraft:oak_leaves":2,"minecraft:gold_ore":4,"minecraft:piston":1,"minecraft:fern":1},"minecraft:picked_up":{"minecraft:crafting_table":9,"minecraft:wheat":29,"minecraft:cherry_planks":11,"minecraft:andesite":167,"minecraft:wooden_pickaxe":2,"minecraft:smoker":1,"minecraft:enchanted_book":1,"tombstone:grave_key":2,"create:raw_zinc":34,"minecraft:oak_log":1,"minecraft:lily_pad":2,"minecraft:gunpowder":2,"minecraft:string":30,"minecraft:lapis_lazuli":22,"minecraft:dirt":8,"minecraft:lantern":1,"minecraft:raw_copper":16,"minecraft:cooked_mutton":3,"minecraft:bone":4,"minecraft:wheat_seeds":80,"minecraft:comparator":1,"minecraft:raw_gold":4,"minecraft:iron_ingot":10,"minecraft:lectern":1,"minecraft:bamboo":3,"minecraft:sugar_cane":17,"minecraft:piston":1,"minecraft:iron_boots":2,"minecraft:furnace":4,"minecraft:book":127,"minecraft:dark_oak_sapling":7,"minecraft:stick":8,"minecraft:raw_iron":51,"minecraft:oak_fence":1,"minecraft:torch":9,"minecraft:blast_furnace":1,"minecraft:cherry_log":16,"tombstone:grave_dust":1,"minecraft:redstone":19,"minecraft:dark_oak_log":22,"minecraft:arrow":6,"minecraft:rotten_flesh":10,"minecraft:peony":1,"minecraft:hay_block":8,"minecraft:oak_sapling":1,"minecraft:emerald":1,"tombstone:essence_of_undeath":2,"alexsmobs:maggot":1,"alexsmobs:banana_slug_slime":1,"minecraft:iron_bars":18,"minecraft:mutton":10,"minecraft:coal":131,"minecraft:white_wool":6,"minecraft:cobblestone":141},"minecraft:used":{"minecraft:oak_fence":1,"minecraft:cooked_mutton":1,"minecraft:stone_sword":1,"minecraft:stone_pickaxe":238,"minecraft:wooden_pickaxe":26,"minecraft:cherry_planks":11,"minecraft:iron_sword":83,"minecraft:rotten_flesh":2,"minecraft:iron_chestplate":1,"minecraft:torch":50,"minecraft:dirt":7,"minecraft:crafting_table":11,"minecraft:wooden_axe":61,"minecraft:dark_oak_log":3,"minecraft:lantern":1,"minecraft:iron_axe":44,"minecraft:bread":31,"minecraft:iron_pickaxe":234,"minecraft:lectern":1,"minecraft:iron_helmet":1,"minecraft:iron_boots":1,"minecraft:cobblestone":3,"minecraft:furnace":3,"minecraft:andesite":39,"tombstone:gift":4,"alexsmobs:animal_dictionary":1,"minecraft:iron_leggings":1},"minecraft:custom":{"minecraft:interact_with_furnace":20,"minecraft:mob_kills":19,"minecraft:interact_with_crafting_table":18,"minecraft:open_barrel":11,"minecraft:damage_dealt_resisted":93,"minecraft:leave_game":2,"minecraft:time_since_death":43540,"minecraft:climb_one_cm":811,"minecraft:time_since_rest":42015,"minecraft:sprint_one_cm":309139,"minecraft:damage_taken":1942,"minecraft:walk_one_cm":363550,"minecraft:drop":14,"minecraft:damage_dealt":3341,"minecraft:damage_dealt_absorbed":40,"minecraft:swim_one_cm":2329,"minecraft:fly_one_cm":233448,"minecraft:open_chest":26,"minecraft:crouch_one_cm":12602,"minecraft:play_time":113415,"tombstone:undead_killed":11,"minecraft:deaths":2,"minecraft:sneak_time":5257,"minecraft:walk_under_water_one_cm":411,"minecraft:boat_one_cm":19968,"minecraft:jump":1530,"minecraft:walk_on_water_one_cm":7954,"minecraft:total_world_time":113415,"minecraft:interact_with_smoker":1,"minecraft:fall_one_cm":31051},"minecraft:broken":{"minecraft:stone_pickaxe":2,"minecraft:wooden_axe":1},"minecraft:crafted":{"minecraft:cherry_planks":32,"minecraft:oak_planks":4,"minecraft:crafting_table":2,"minecraft:wooden_pickaxe":1,"minecraft:iron_helmet":1,"minecraft:iron_sword":1,"minecraft:furnace":1,"minecraft:bread":33,"minecraft:cooked_mutton":10,"minecraft:air":0,"minecraft:iron_boots":1,"minecraft:iron_chestplate":1,"minecraft:iron_axe":1,"minecraft:stick":40,"minecraft:iron_ingot":33,"minecraft:iron_pickaxe":1,"minecraft:stone_pickaxe":2,"minecraft:wooden_axe":1,"minecraft:stone_sword":1,"minecraft:iron_leggings":1,"minecraft:torch":72,"minecraft:wheat":72},"minecraft:dropped":{"minecraft:cobblestone":8,"minecraft:iron_boots":1,"minecraft:peony":1,"tombstone:grave_key":1,"minecraft:andesite":64,"minecraft:cherry_planks":2,"minecraft:spider_eye":3,"minecraft:iron_bars":9,"minecraft:wooden_pickaxe":3,"minecraft:lily_pad":1}},"DataVersion":3465}