{"stats":{"minecraft:killed":{"minecraft:vindicator":1,"minecraft:slime":4,"minecraft:horse":1,"minecraft:skeleton":8,"trials:bogged":1,"minecraft:creeper":1,"minecraft:sheep":7,"minecraft:pillager":2,"minecraft:donkey":3,"minecraft:zombie":10},"minecraft:mined":{"create:zinc_ore":35,"minecraft:cherry_log":19,"minecraft:dark_oak_log":22,"minecraft:dark_oak_fence":2,"minecraft:grass_block":3,"minecraft:redstone_wire":19,"minecraft:hay_block":15,"minecraft:furnace":4,"minecraft:iron_ore":54,"minecraft:andesite":102,"minecraft:pumpkin":14,"minecraft:bookshelf":43,"minecraft:iron_bars":9,"minecraft:stone":134,"minecraft:cherry_planks":11,"minecraft:comparator":1,"minecraft:smoker":1,"minecraft:oak_fence":1,"minecraft:crafting_table":12,"minecraft:torch":5,"minecraft:blast_furnace":4,"minecraft:emerald_ore":1,"minecraft:chest":7,"minecraft:lectern":1,"minecraft:copper_ore":6,"minecraft:tall_grass":1,"minecraft:lapis_ore":8,"minecraft:lily_pad":1,"minecraft:sugar_cane":7,"minecraft:wall_torch":7,"minecraft:wheat":31,"minecraft:grass":10,"minecraft:coal_ore":85,"minecraft:oak_log":1,"minecraft:cherry_leaves":3,"minecraft:cobweb":35,"minecraft:gold_ore":4,"minecraft:piston":1,"minecraft:oak_leaves":2,"minecraft:fern":1},"minecraft:picked_up":{"minecraft:crafting_table":12,"alexscaves:waste_drum":3,"minecraft:wheat":31,"minecraft:wooden_pickaxe":2,"minecraft:enchanted_book":1,"tombstone:grave_key":2,"minecraft:string":35,"minecraft:raw_copper":16,"minecraft:comparator":1,"minecraft:lectern":1,"minecraft:sugar_cane":17,"minecraft:chest":7,"minecraft:piston":1,"minecraft:egg":1,"minecraft:iron_boots":2,"minecraft:furnace":4,"minecraft:dark_oak_sapling":7,"minecraft:raw_iron":54,"minecraft:stick":8,"minecraft:oak_fence":1,"minecraft:torch":10,"minecraft:cherry_log":16,"tombstone:grave_dust":4,"minecraft:redstone":19,"minecraft:arrow":10,"minecraft:stone_shovel":2,"minecraft:rotten_flesh":10,"minecraft:peony":1,"minecraft:hay_block":15,"tombstone:essence_of_undeath":2,"minecraft:mutton":10,"minecraft:iron_bars":18,"minecraft:cobblestone":143,"minecraft:white_wool":13,"artifacts:eternal_steak":1,"minecraft:cherry_planks":11,"minecraft:andesite":167,"minecraft:leather":4,"minecraft:smoker":1,"create:raw_zinc":34,"minecraft:oak_log":1,"minecraft:lily_pad":2,"minecraft:gunpowder":2,"minecraft:paper":1,"minecraft:lapis_lazuli":38,"minecraft:dirt":15,"minecraft:lantern":1,"minecraft:cooked_mutton":15,"minecraft:bone":8,"minecraft:wheat_seeds":81,"minecraft:raw_gold":4,"minecraft:iron_ingot":10,"minecraft:bamboo":3,"minecraft:iron_sword":1,"minecraft:book":127,"minecraft:pumpkin":14,"minecraft:blast_furnace":4,"minecraft:dark_oak_log":22,"minecraft:emerald":2,"alexsmobs:banana_slug_slime":1,"alexsmobs:maggot":1,"minecraft:oak_sapling":1,"minecraft:dark_oak_fence":1,"minecraft:coal":147},"minecraft:used":{"minecraft:oak_fence":1,"minecraft:stone_sword":1,"minecraft:iron_sword":151,"minecraft:rotten_flesh":2,"minecraft:iron_chestplate":1,"minecraft:torch":69,"minecraft:dirt":7,"minecraft:wooden_axe":61,"minecraft:lantern":1,"minecraft:iron_axe":79,"minecraft:iron_helmet":1,"minecraft:iron_boots":1,"minecraft:furnace":3,"tombstone:gift":4,"minecraft:iron_leggings":1,"minecraft:cooked_mutton":13,"minecraft:stone_pickaxe":238,"minecraft:wooden_pickaxe":26,"minecraft:cherry_planks":11,"minecraft:crafting_table":14,"minecraft:diamond_shovel":3,"minecraft:dark_oak_log":3,"minecraft:map":1,"minecraft:bread":40,"minecraft:iron_pickaxe":244,"minecraft:lectern":1,"minecraft:cobblestone":14,"minecraft:andesite":39,"alexsmobs:animal_dictionary":1},"minecraft:custom":{"minecraft:interact_with_smithing_table":1,"minecraft:mob_kills":39,"minecraft:interact_with_crafting_table":25,"minecraft:open_barrel":11,"minecraft:damage_dealt_resisted":93,"minecraft:leave_game":2,"minecraft:time_since_death":103540,"minecraft:climb_one_cm":3901,"minecraft:sprint_one_cm":466901,"minecraft:walk_one_cm":530463,"minecraft:drop":30,"minecraft:damage_dealt_absorbed":40,"minecraft:talked_to_villager":1,"minecraft:play_time":173415,"minecraft:deaths":2,"minecraft:sneak_time":6257,"minecraft:walk_under_water_one_cm":8850,"minecraft:boat_one_cm":223824,"minecraft:jump":2466,"minecraft:walk_on_water_one_cm":29934,"minecraft:total_world_time":173415,"minecraft:interact_with_furnace":22,"tombstone:raider_killed":3,"minecraft:interact_with_cartography_table":7,"minecraft:time_since_rest":102015,"minecraft:damage_taken":2868,"minecraft:damage_dealt":6571,"minecraft:swim_one_cm":21274,"minecraft:fly_one_cm":422094,"minecraft:open_chest":42,"minecraft:crouch_one_cm":14660,"tombstone:undead_killed":19,"minecraft:interact_with_smoker":2,"minecraft:fall_one_cm":53618},"minecraft:broken":{"minecraft:stone_pickaxe":2,"minecraft:wooden_axe":1},"minecraft:crafted":{"minecraft:cherry_planks":36,"minecraft:oak_planks":4,"minecraft:furnace":1,"minecraft:cooked_mutton":10,"minecraft:bow":1,"minecraft:iron_boots":1,"minecraft:iron_axe":1,"minecraft:stone_pickaxe":2,"minecraft:wheat":135,"sophisticatedbackpacks:backpack":1,"minecraft:map":1,"minecraft:crafting_table":3,"minecraft:wooden_pickaxe":1,"minecraft:iron_helmet":1,"minecraft:iron_sword":1,"minecraft:bread":54,"minecraft:air":0,"minecraft:iron_chestplate":1,"minecraft:paper":9,"minecraft:stick":40,"minecraft:iron_ingot":33,"minecraft:iron_pickaxe":1,"minecraft:wooden_axe":1,"minecraft:stone_sword":1,"minecraft:iron_leggings":1,"minecraft:torch":72},"minecraft:dropped":{"minecraft:bread":10,"minecraft:iron_sword":1,"minecraft:cobblestone":8,"minecraft:dirt":6,"tombstone:grave_key":1,"minecraft:cherry_planks":2,"tombstone:grave_dust":2,"minecraft:lily_pad":1,"minecraft:white_wool":13,"alexscaves:waste_drum":3,"minecraft:stone_shovel":1,"minecraft:iron_boots":1,"minecraft:cooked_mutton":12,"minecraft:gunpowder":6,"minecraft:peony":1,"minecraft:andesite":64,"artifacts:eternal_steak":1,"minecraft:spider_eye":3,"minecraft:iron_bars":9,"minecraft:wooden_pickaxe":3}},"DataVersion":3465}