{"stats":{"minecraft:mined":{"minecraft:grass":1,"minecraft:potatoes":2,"minecraft:oak_log":6,"minecraft:carrots":3,"minecraft:dirt":1,"minecraft:iron_ore":8,"minecraft:tall_grass":2,"minecraft:wheat":45,"minecraft:stone":8,"minecraft:crafting_table":2},"minecraft:crafted":{"minecraft:oak_planks":24,"minecraft:crafting_table":1,"minecraft:stick":8,"minecraft:stone_pickaxe":1,"minecraft:wooden_pickaxe":1,"minecraft:bread":12},"minecraft:used":{"minecraft:wheat_seeds":9,"minecraft:dirt":1,"minecraft:crafting_table":2,"minecraft:stone_pickaxe":9,"alexsmobs:animal_dictionary":1,"minecraft:wooden_pickaxe":7},"minecraft:picked_up":{"minecraft:raw_iron":8,"minecraft:crafting_table":2,"minecraft:wheat":40,"minecraft:wheat_seeds":114,"minecraft:potato":2,"minecraft:oak_log":6,"minecraft:carrot":10,"minecraft:oak_sapling":2,"minecraft:dirt":2,"minecraft:cobblestone":8},"minecraft:custom":{"minecraft:time_since_rest":13934,"minecraft:crouch_one_cm":1658,"minecraft:play_time":13934,"minecraft:sprint_one_cm":10893,"minecraft:damage_taken":32,"minecraft:walk_one_cm":39239,"minecraft:sneak_time":840,"minecraft:jump":64,"minecraft:walk_on_water_one_cm":274,"minecraft:time_since_death":13934,"minecraft:total_world_time":13934,"minecraft:interact_with_crafting_table":3,"minecraft:fall_one_cm":209,"minecraft:fly_one_cm":4484}},"DataVersion":3465}