{"stats":{"minecraft:killed":{"minecraft:skeleton":3,"minecraft:sheep":6,"minecraft:zombie":5},"minecraft:mined":{"create:zinc_ore":35,"minecraft:cherry_planks":11,"minecraft:cherry_log":19,"minecraft:dark_oak_log":22,"minecraft:oak_fence":1,"minecraft:crafting_table":7,"minecraft:torch":3,"minecraft:emerald_ore":1,"minecraft:grass_block":1,"minecraft:tall_grass":1,"minecraft:copper_ore":6,"minecraft:lapis_ore":4,"minecraft:lily_pad":1,"minecraft:sugar_cane":3,"minecraft:wall_torch":5,"minecraft:hay_block":8,"minecraft:furnace":2,"minecraft:iron_ore":47,"minecraft:wheat":31,"minecraft:andesite":102,"minecraft:grass":7,"minecraft:oak_log":1,"minecraft:coal_ore":71,"minecraft:cherry_leaves":3,"minecraft:stone":31,"minecraft:gold_ore":4,"minecraft:fern":1},"minecraft:picked_up":{"minecraft:crafting_table":7,"minecraft:wheat":29,"minecraft:cherry_planks":11,"minecraft:andesite":103,"tombstone:grave_key":2,"create:raw_zinc":34,"minecraft:oak_log":1,"minecraft:lily_pad":1,"minecraft:lapis_lazuli":22,"minecraft:dirt":8,"minecraft:raw_copper":16,"minecraft:bone":4,"minecraft:wheat_seeds":80,"minecraft:raw_gold":4,"minecraft:iron_ingot":1,"minecraft:bamboo":3,"minecraft:sugar_cane":6,"minecraft:iron_boots":1,"minecraft:furnace":2,"minecraft:dark_oak_sapling":7,"minecraft:stick":6,"minecraft:raw_iron":47,"minecraft:oak_fence":1,"minecraft:torch":8,"minecraft:cherry_log":16,"tombstone:grave_dust":1,"minecraft:dark_oak_log":22,"minecraft:arrow":4,"minecraft:rotten_flesh":8,"minecraft:peony":1,"minecraft:hay_block":8,"minecraft:emerald":1,"tombstone:essence_of_undeath":1,"alexsmobs:maggot":1,"alexsmobs:banana_slug_slime":1,"minecraft:mutton":10,"minecraft:coal":71,"minecraft:white_wool":6,"minecraft:cobblestone":34},"minecraft:used":{"minecraft:oak_fence":1,"minecraft:stone_sword":1,"minecraft:stone_pickaxe":238,"minecraft:wooden_pickaxe":26,"minecraft:cherry_planks":11,"minecraft:iron_sword":38,"minecraft:rotten_flesh":2,"minecraft:iron_chestplate":1,"minecraft:torch":46,"minecraft:dirt":7,"minecraft:crafting_table":9,"minecraft:wooden_axe":61,"minecraft:dark_oak_log":3,"minecraft:bread":25,"minecraft:iron_pickaxe":75,"minecraft:iron_helmet":1,"minecraft:iron_boots":1,"minecraft:cobblestone":3,"minecraft:furnace":3,"minecraft:andesite":28,"tombstone:gift":2,"alexsmobs:animal_dictionary":1,"minecraft:iron_leggings":1},"minecraft:custom":{"minecraft:interact_with_furnace":18,"minecraft:mob_kills":15,"minecraft:interact_with_crafting_table":16,"minecraft:open_barrel":11,"minecraft:damage_dealt_resisted":93,"minecraft:leave_game":2,"minecraft:time_since_death":19540,"minecraft:climb_one_cm":380,"minecraft:time_since_rest":18015,"minecraft:sprint_one_cm":256514,"minecraft:damage_taken":1696,"minecraft:walk_one_cm":271946,"minecraft:drop":4,"minecraft:damage_dealt":2571,"minecraft:damage_dealt_absorbed":40,"minecraft:swim_one_cm":1040,"minecraft:fly_one_cm":200091,"minecraft:open_chest":6,"minecraft:crouch_one_cm":12340,"minecraft:play_time":89415,"tombstone:undead_killed":8,"minecraft:deaths":2,"minecraft:sneak_time":5098,"minecraft:walk_under_water_one_cm":267,"minecraft:jump":1305,"minecraft:walk_on_water_one_cm":5590,"minecraft:total_world_time":89415,"minecraft:interact_with_smoker":1,"minecraft:fall_one_cm":28901},"minecraft:broken":{"minecraft:stone_pickaxe":2,"minecraft:wooden_axe":1},"minecraft:crafted":{"minecraft:cherry_planks":24,"minecraft:oak_planks":4,"minecraft:crafting_table":2,"minecraft:wooden_pickaxe":1,"minecraft:iron_helmet":1,"minecraft:iron_sword":1,"minecraft:furnace":1,"minecraft:bread":33,"minecraft:cooked_mutton":10,"minecraft:air":0,"minecraft:iron_boots":1,"minecraft:iron_chestplate":1,"minecraft:stick":24,"minecraft:iron_ingot":32,"minecraft:iron_pickaxe":1,"minecraft:stone_pickaxe":2,"minecraft:wooden_axe":1,"minecraft:stone_sword":1,"minecraft:iron_leggings":1,"minecraft:torch":72,"minecraft:wheat":72},"minecraft:dropped":{"minecraft:peony":1,"tombstone:grave_key":1,"minecraft:cherry_planks":2}},"DataVersion":3465}