{"stats":{"minecraft:mined":{"minecraft:carrots":3,"minecraft:iron_ore":10,"minecraft:wheat":49,"minecraft:crafting_table":2,"minecraft:grass":4,"minecraft:potatoes":2,"minecraft:oak_log":6,"minecraft:dirt":2,"minecraft:tall_grass":2,"minecraft:cobblestone":5,"minecraft:stone":8},"minecraft:crafted":{"minecraft:oak_planks":24,"minecraft:crafting_table":1,"minecraft:stick":32,"minecraft:wooden_pickaxe":1,"minecraft:stone_pickaxe":1,"minecraft:bread":12},"minecraft:dropped":{"minecraft:bread":5,"apotheosis:gem":2},"minecraft:killed":{"minecraft:zombie":2},"minecraft:used":{"minecraft:wheat_seeds":9,"minecraft:stone_pickaxe":53,"minecraft:bread":7,"minecraft:wooden_pickaxe":7,"minecraft:item_frame":2,"minecraft:dirt":2,"minecraft:cobblestone":5,"minecraft:crafting_table":3,"minecraft:carrot":4,"alexsmobs:animal_dictionary":1,"minecraft:potato":1},"minecraft:picked_up":{"apotheosis:gem":2,"minecraft:pink_petals":2,"minecraft:crafting_table":2,"minecraft:raw_iron":10,"minecraft:wheat":44,"minecraft:potato":2,"minecraft:white_dye":2,"minecraft:oak_log":6,"minecraft:carrot":10,"minecraft:redstone":2,"minecraft:lapis_lazuli":2,"minecraft:dirt":3,"minecraft:item_frame":2,"minecraft:bone":2,"minecraft:arrow":2,"minecraft:wheat_seeds":129,"minecraft:iron_ingot":2,"minecraft:gold_ingot":2,"minecraft:oak_sapling":2,"minecraft:cobblestone":13},"minecraft:custom":{"minecraft:time_since_rest":18756,"minecraft:interact_with_furnace":2,"minecraft:sprint_one_cm":51356,"minecraft:damage_taken":321,"minecraft:walk_one_cm":130752,"minecraft:mob_kills":3,"minecraft:drop":3,"tombstone:raider_killed":1,"minecraft:damage_dealt":583,"minecraft:talked_to_villager":1,"minecraft:interact_with_crafting_table":4,"minecraft:fly_one_cm":25931,"minecraft:crouch_one_cm":3296,"minecraft:play_time":37934,"tombstone:undead_killed":2,"minecraft:sneak_time":3928,"minecraft:damage_dealt_resisted":0,"minecraft:jump":211,"minecraft:time_since_death":37934,"minecraft:walk_on_water_one_cm":1199,"minecraft:sleep_in_bed":2,"minecraft:total_world_time":37934,"minecraft:fall_one_cm":2959}},"DataVersion":3465}