{"stats":{"minecraft:killed":{"minecraft:cow":3},"minecraft:mined":{"minecraft:iron_ore":9,"minecraft:cherry_log":21,"minecraft:crafting_table":1,"minecraft:grass":1,"minecraft:coal_ore":11,"minecraft:cherry_leaves":1,"minecraft:stone":23},"minecraft:used":{"minecraft:stone_pickaxe":40,"minecraft:wooden_pickaxe":3,"minecraft:cherry_planks":3,"minecraft:stone_axe":7,"minecraft:crafting_table":2,"minecraft:furnace":1,"alexsmobs:animal_dictionary":1,"minecraft:cooked_beef":2},"minecraft:picked_up":{"minecraft:stick":2,"minecraft:crafting_table":1,"minecraft:raw_iron":9,"minecraft:leather":3,"minecraft:cherry_log":20,"minecraft:beef":6,"minecraft:stone_pickaxe":1,"minecraft:birch_sapling":3,"minecraft:coal":11,"minecraft:cobblestone":23},"minecraft:custom":{"minecraft:time_since_rest":23265,"minecraft:interact_with_furnace":9,"minecraft:sprint_one_cm":48503,"minecraft:damage_taken":40,"minecraft:walk_one_cm":42252,"minecraft:mob_kills":3,"minecraft:drop":1,"minecraft:damage_dealt":300,"minecraft:interact_with_crafting_table":9,"minecraft:fly_one_cm":52788,"minecraft:crouch_one_cm":6019,"minecraft:play_time":23265,"minecraft:sneak_time":2602,"minecraft:jump":332,"minecraft:time_since_death":23265,"minecraft:total_world_time":23265,"minecraft:fall_one_cm":8894},"minecraft:crafted":{"minecraft:cooked_beef":6,"minecraft:cherry_planks":80,"minecraft:crafting_table":1,"minecraft:stick":12,"minecraft:iron_ingot":4,"minecraft:wooden_pickaxe":1,"minecraft:iron_pickaxe":1,"minecraft:stone_pickaxe":1,"minecraft:furnace":1,"minecraft:stone_axe":1,"minecraft:air":0},"minecraft:dropped":{"minecraft:stone_pickaxe":1}},"DataVersion":3465}