{"stats":{"minecraft:killed":{"minecraft:pig":3,"minecraft:spider":1,"minecraft:skeleton":4,"minecraft:zombie":3,"minecraft:cow":6},"minecraft:mined":{"minecraft:cherry_log":21,"minecraft:oak_fence":1,"minecraft:crafting_table":3,"minecraft:grass_block":4,"minecraft:emerald_ore":2,"minecraft:decorated_pot":1,"minecraft:oak_planks":3,"minecraft:pink_petals":22,"minecraft:hay_block":73,"minecraft:furnace":2,"minecraft:iron_ore":19,"minecraft:tnt":1,"minecraft:grass":5,"minecraft:bookshelf":46,"minecraft:coal_ore":11,"minecraft:vine":1,"minecraft:cherry_leaves":1,"minecraft:zombie_head":1,"minecraft:dirt":7,"minecraft:cobweb":28,"minecraft:stone_bricks":2,"minecraft:stone":39,"minecraft:white_tulip":1,"create:crimsite":9},"minecraft:used":{"minecraft:armor_stand":5,"minecraft:stone_pickaxe":45,"minecraft:oak_planks":3,"minecraft:wooden_pickaxe":3,"minecraft:cherry_planks":25,"minecraft:iron_sword":126,"minecraft:torch":10,"minecraft:crafting_table":4,"minecraft:bread":19,"minecraft:iron_pickaxe":40,"minecraft:barrel":3,"minecraft:stone_bricks":2,"minecraft:golden_leggings":1,"minecraft:golden_helmet":1,"minecraft:stone_axe":93,"minecraft:furnace":3,"alexsmobs:animal_dictionary":1,"minecraft:cooked_beef":6,"minecraft:experience_bottle":1},"minecraft:picked_up":{"minecraft:iron_chestplate":4,"minecraft:pink_petals":46,"minecraft:shelter_pottery_sherd":1,"minecraft:crafting_table":3,"minecraft:azure_bluet":1,"minecraft:cherry_planks":2,"minecraft:leather":7,"minecraft:golden_leggings":3,"minecraft:brick":6,"minecraft:string":28,"minecraft:dirt":29,"minecraft:lantern":5,"minecraft:iron_leggings":4,"minecraft:experience_bottle":1,"minecraft:zombie_head":2,"minecraft:armor_stand":8,"minecraft:bone":6,"minecraft:stone_bricks":2,"minecraft:bow":6,"minecraft:wheat_seeds":1,"minecraft:beef":10,"minecraft:iron_ingot":5,"minecraft:stone_pickaxe":1,"minecraft:white_tulip":1,"minecraft:iron_sword":1,"minecraft:birch_sapling":3,"minecraft:oak_planks":4,"minecraft:iron_boots":4,"minecraft:book":141,"minecraft:furnace":2,"minecraft:golden_helmet":3,"minecraft:stick":8,"minecraft:raw_iron":19,"minecraft:oak_fence":1,"minecraft:torch":1,"minecraft:porkchop":9,"minecraft:cherry_log":20,"sophisticatedbackpacks:iron_backpack":1,"minecraft:bundle":1,"minecraft:tnt":1,"minecraft:arrow":5,"create:crimsite":9,"minecraft:iron_helmet":4,"minecraft:hay_block":73,"minecraft:cherry_sapling":8,"minecraft:emerald":3,"minecraft:coal":11,"minecraft:cobblestone":36},"minecraft:custom":{"minecraft:interact_with_furnace":30,"minecraft:mob_kills":20,"minecraft:open_barrel":7,"minecraft:interact_with_crafting_table":11,"minecraft:time_since_death":83265,"minecraft:climb_one_cm":3144,"minecraft:time_since_rest":83265,"minecraft:waystone_activated":2,"minecraft:sprint_one_cm":268773,"minecraft:damage_taken":842,"minecraft:walk_one_cm":155048,"minecraft:drop":31,"minecraft:damage_dealt":2856,"minecraft:swim_one_cm":34005,"minecraft:fly_one_cm":305357,"minecraft:open_chest":24,"minecraft:crouch_one_cm":14649,"minecraft:play_time":83265,"tombstone:undead_killed":7,"minecraft:sneak_time":6684,"minecraft:walk_under_water_one_cm":3730,"minecraft:boat_one_cm":88764,"minecraft:jump":1479,"minecraft:interact_with_blast_furnace":4,"minecraft:walk_on_water_one_cm":2454,"minecraft:total_world_time":83265,"minecraft:fall_one_cm":40904},"minecraft:crafted":{"minecraft:cooked_beef":7,"minecraft:cherry_planks":80,"minecraft:crafting_table":2,"minecraft:wooden_pickaxe":1,"minecraft:iron_sword":1,"minecraft:furnace":1,"minecraft:stone_axe":1,"minecraft:bread":33,"minecraft:air":0,"minecraft:stick":16,"minecraft:iron_ingot":4,"minecraft:iron_pickaxe":1,"minecraft:stone_pickaxe":1,"minecraft:torch":24,"minecraft:wheat":99},"minecraft:dropped":{"minecraft:bread":12,"minecraft:cooked_beef":1,"minecraft:birch_sapling":3,"minecraft:iron_boots":1,"minecraft:cherry_sapling":8,"minecraft:oak_fence":1,"minecraft:iron_helmet":1,"minecraft:oak_planks":1,"minecraft:leather":1,"minecraft:stick":9,"minecraft:dirt":4,"minecraft:iron_chestplate":1,"minecraft:golden_leggings":1,"minecraft:zombie_head":1,"minecraft:stone_pickaxe":1,"exposure:aged_photograph":1,"minecraft:brick":3}},"DataVersion":3465}