{"stats":{"minecraft:mined":{"minecraft:pink_petals":2,"minecraft:large_fern":1,"minecraft:mossy_cobblestone":1,"minecraft:wheat":1,"minecraft:cherry_log":33,"minecraft:crafting_table":1,"minecraft:grass":4,"minecraft:cherry_leaves":2,"minecraft:gravel":3,"minecraft:dirt":2,"minecraft:bamboo":1,"minecraft:stone":13},"minecraft:crafted":{"minecraft:cherry_planks":68,"minecraft:iron_chestplate":1,"minecraft:shield":1,"minecraft:iron_axe":1,"minecraft:crafting_table":1,"minecraft:stick":4,"minecraft:iron_ingot":15,"minecraft:wooden_pickaxe":1,"minecraft:cherry_door":3,"minecraft:furnace":1,"minecraft:air":0},"minecraft:dropped":{"tombstone:grave_key":1},"minecraft:killed":{"alexsmobs:tiger":1},"minecraft:used":{"minecraft:apple":2,"minecraft:cherry_door":1,"minecraft:iron_axe":2,"minecraft:bread":5,"minecraft:iron_helmet":1,"minecraft:shield":2,"minecraft:wooden_pickaxe":14,"minecraft:cherry_planks":23,"minecraft:iron_boots":1,"minecraft:gravel":2,"minecraft:bamboo":6,"minecraft:dirt":2,"minecraft:crafting_table":2,"minecraft:furnace":1,"tombstone:gift":1,"minecraft:iron_leggings":1},"minecraft:picked_up":{"minecraft:pink_petals":5,"minecraft:crafting_table":1,"minecraft:raw_iron":15,"minecraft:gravel":3,"twigs:bamboo_leaves":3,"minecraft:cherry_log":33,"minecraft:dirt":3,"minecraft:mossy_cobblestone":1,"minecraft:rotten_flesh":1,"minecraft:apple":2,"minecraft:wheat_seeds":1,"minecraft:cherry_sapling":15,"minecraft:bread":10,"minecraft:bamboo":6,"twigs:twig":11,"minecraft:cobblestone":12},"minecraft:custom":{"minecraft:time_since_rest":32499,"lootr:looted_stat":2,"minecraft:interact_with_furnace":7,"minecraft:sprint_one_cm":84766,"minecraft:damage_taken":436,"minecraft:walk_one_cm":38928,"minecraft:damage_blocked_by_shield":255,"minecraft:mob_kills":2,"minecraft:drop":1,"minecraft:damage_dealt":158,"minecraft:fly_one_cm":86469,"minecraft:interact_with_crafting_table":10,"minecraft:open_barrel":1,"minecraft:crouch_one_cm":2934,"minecraft:play_time":35839,"minecraft:deaths":1,"minecraft:sneak_time":1960,"minecraft:jump":384,"minecraft:damage_dealt_resisted":0,"minecraft:leave_game":1,"minecraft:time_since_death":32644,"minecraft:total_world_time":35839,"minecraft:fall_one_cm":7286}},"DataVersion":3465}