{"stats":{"minecraft:killed":{"alexscaves:brainiac":1,"minecraft:spider":2,"minecraft:skeleton":5,"minecraft:drowned":1,"minecraft:pig":3,"alexscaves:gammaroach":1,"minecraft:zombie":5,"minecraft:enderman":1,"minecraft:cow":6},"minecraft:mined":{"minecraft:tuff":4,"alexscaves:radrock":155,"alexscaves:geothermal_vent_medium":1,"minecraft:cherry_log":21,"alexscaves:geothermal_vent":1,"minecraft:grass_block":6,"minecraft:decorated_pot":1,"minecraft:hay_block":73,"alexscaves:radrock_uranium_ore":25,"minecraft:furnace":2,"minecraft:iron_ore":19,"minecraft:cobbled_deepslate":1,"alexscaves:radrock_slab":1,"minecraft:bookshelf":46,"minecraft:deepslate_iron_ore":3,"minecraft:vine":1,"alexscaves:underweed":2,"minecraft:white_tulip":1,"minecraft:stone":39,"minecraft:cherry_planks":1,"minecraft:oak_fence":1,"minecraft:crafting_table":4,"alexscaves:radrock_bricks":1,"minecraft:emerald_ore":2,"minecraft:copper_ore":1,"minecraft:oak_planks":3,"minecraft:pink_petals":22,"minecraft:mud":7,"alexscaves:waste_drum":2,"minecraft:tnt":1,"minecraft:stone_brick_stairs":1,"minecraft:grass":5,"minecraft:coal_ore":11,"alexscaves:geothermal_vent_thin":2,"minecraft:cherry_leaves":1,"minecraft:zombie_head":1,"minecraft:dirt":7,"minecraft:cobweb":28,"alexscaves:unrefined_waste":1,"minecraft:stone_bricks":6,"create:crimsite":9},"minecraft:used":{"minecraft:armor_stand":5,"minecraft:iron_sword":158,"minecraft:torch":25,"minecraft:dirt":26,"minecraft:barrel":3,"minecraft:stone_bricks":6,"minecraft:furnace":3,"tombstone:gift":2,"minecraft:cooked_beef":7,"minecraft:water_bucket":1,"minecraft:stone_pickaxe":45,"minecraft:oak_planks":3,"minecraft:wooden_pickaxe":3,"minecraft:cherry_planks":33,"minecraft:crafting_table":6,"alexscaves:slam":1,"minecraft:bread":69,"minecraft:iron_pickaxe":253,"minecraft:golden_leggings":1,"minecraft:golden_helmet":1,"minecraft:stone_axe":93,"minecraft:bucket":1,"alexsmobs:animal_dictionary":1,"alexscaves:radrock":44,"minecraft:experience_bottle":1},"minecraft:picked_up":{"minecraft:crafting_table":5,"minecraft:shelter_pottery_sherd":1,"minecraft:mud":4,"minecraft:iron_chestplate":4,"alexscaves:waste_drum":4,"minecraft:azure_bluet":1,"alexscaves:unrefined_waste":1,"minecraft:stone_brick_stairs":1,"minecraft:brick":6,"minecraft:string":28,"minecraft:raw_copper":4,"minecraft:iron_leggings":4,"minecraft:armor_stand":8,"minecraft:zombie_head":2,"minecraft:experience_bottle":1,"minecraft:cobbled_deepslate":1,"minecraft:beef":10,"minecraft:white_tulip":1,"minecraft:birch_sapling":3,"minecraft:iron_boots":4,"minecraft:furnace":2,"alexscaves:radrock_bricks":1,"minecraft:golden_helmet":3,"minecraft:raw_iron":23,"minecraft:stick":8,"alexscaves:geothermal_vent":1,"minecraft:oak_fence":1,"minecraft:torch":1,"minecraft:porkchop":9,"alexscaves:radrock_slab":1,"minecraft:cherry_log":20,"tombstone:grave_dust":2,"minecraft:tnt":1,"minecraft:arrow":7,"minecraft:rotten_flesh":5,"minecraft:hay_block":73,"minecraft:cobblestone":36,"minecraft:pink_petals":46,"minecraft:cherry_planks":6,"minecraft:glow_ink_sac":1,"minecraft:leather":7,"minecraft:golden_leggings":3,"minecraft:tuff":6,"minecraft:gunpowder":1,"alexscaves:charred_remnant":1,"minecraft:dirt":31,"minecraft:lantern":5,"minecraft:bone":8,"minecraft:stone_bricks":6,"minecraft:bow":6,"minecraft:wheat_seeds":1,"alexscaves:toxic_paste":2,"minecraft:iron_ingot":5,"alexscaves:radrock":166,"minecraft:stone_pickaxe":1,"alexscaves:polymer_plate":3,"minecraft:oak_planks":4,"minecraft:iron_sword":1,"minecraft:book":141,"alexscaves:uranium":25,"sophisticatedbackpacks:iron_backpack":1,"minecraft:bundle":1,"create:crimsite":9,"minecraft:iron_helmet":4,"minecraft:cherry_sapling":8,"minecraft:emerald":3,"minecraft:coal":11},"minecraft:custom":{"minecraft:mob_kills":30,"minecraft:interact_with_crafting_table":16,"minecraft:open_barrel":12,"minecraft:time_since_death":32125,"minecraft:climb_one_cm":4258,"minecraft:sprint_one_cm":463678,"minecraft:walk_one_cm":271928,"minecraft:drop":56,"minecraft:play_time":167265,"minecraft:deaths":1,"minecraft:sneak_time":19562,"minecraft:walk_under_water_one_cm":15779,"minecraft:boat_one_cm":95201,"minecraft:jump":2520,"minecraft:interact_with_blast_furnace":4,"minecraft:walk_on_water_one_cm":30462,"minecraft:total_world_time":167265,"minecraft:interact_with_furnace":42,"minecraft:time_since_rest":31130,"minecraft:waystone_activated":2,"minecraft:damage_taken":3664,"minecraft:damage_dealt":4418,"minecraft:swim_one_cm":102011,"minecraft:fly_one_cm":475931,"minecraft:open_chest":24,"minecraft:crouch_one_cm":42776,"tombstone:undead_killed":12,"minecraft:fall_one_cm":64063},"minecraft:broken":{"minecraft:iron_pickaxe":1},"minecraft:crafted":{"minecraft:cherry_planks":80,"minecraft:furnace":1,"minecraft:glass":1,"minecraft:stone_pickaxe":1,"minecraft:wheat":288,"minecraft:cooked_beef":10,"minecraft:crafting_table":2,"minecraft:wooden_pickaxe":1,"minecraft:iron_sword":1,"minecraft:stone_axe":1,"minecraft:bread":96,"minecraft:air":0,"minecraft:stick":16,"minecraft:iron_ingot":8,"minecraft:iron_pickaxe":1,"minecraft:torch":24},"minecraft:dropped":{"minecraft:iron_ingot":6,"minecraft:bread":21,"minecraft:cooked_beef":1,"minecraft:oak_fence":1,"minecraft:iron_helmet":2,"minecraft:leather":1,"minecraft:stick":9,"minecraft:dirt":4,"minecraft:zombie_head":1,"minecraft:iron_leggings":1,"alexscaves:toxic_paste":1,"minecraft:pink_petals":46,"minecraft:bone":2,"alexscaves:waste_drum":1,"minecraft:raw_copper":4,"minecraft:birch_sapling":3,"minecraft:cherry_sapling":8,"minecraft:rotten_flesh":6,"minecraft:oak_planks":1,"minecraft:iron_boots":2,"minecraft:azure_bluet":1,"minecraft:iron_chestplate":2,"minecraft:golden_leggings":2,"minecraft:glass":1,"minecraft:stone_pickaxe":1,"alexscaves:charred_remnant":1,"exposure:aged_photograph":1,"minecraft:brick":3}},"DataVersion":3465}