{"stats":{"minecraft:mined":{"minecraft:mossy_cobblestone":1,"minecraft:cherry_log":33,"minecraft:crafting_table":1,"minecraft:grass_block":1,"minecraft:cyan_bed":5,"minecraft:large_fern":1,"minecraft:pink_petals":2,"minecraft:wheat":1,"minecraft:black_wall_banner":1,"minecraft:grass":4,"minecraft:cherry_leaves":2,"minecraft:gravel":3,"minecraft:dirt":2,"minecraft:bamboo":1,"minecraft:stone":13},"minecraft:crafted":{"minecraft:cherry_planks":68,"minecraft:crafting_table":2,"minecraft:wooden_pickaxe":1,"minecraft:iron_sword":3,"minecraft:furnace":1,"minecraft:air":0,"minecraft:iron_chestplate":1,"minecraft:shield":2,"minecraft:iron_axe":1,"minecraft:stick":12,"minecraft:iron_ingot":15,"minecraft:cherry_door":3,"minecraft:torch":16},"minecraft:dropped":{"minecraft:gravel":1,"minecraft:mossy_cobblestone":1,"tombstone:grave_key":1,"minecraft:pink_petals":5},"minecraft:killed":{"minecraft:husk":20,"alexsmobs:tiger":1,"minecraft:skeleton":2,"minecraft:pillager":1},"minecraft:used":{"minecraft:shield":11,"minecraft:wooden_pickaxe":14,"minecraft:cherry_planks":24,"minecraft:iron_sword":292,"minecraft:salmon":2,"minecraft:torch":1,"minecraft:dirt":3,"minecraft:crafting_table":3,"minecraft:cod":2,"minecraft:apple":5,"minecraft:cherry_door":1,"minecraft:iron_axe":127,"minecraft:bread":10,"minecraft:iron_helmet":1,"minecraft:iron_boots":1,"minecraft:gravel":2,"minecraft:bamboo":6,"minecraft:furnace":1,"tombstone:gift":1,"minecraft:pumpkin_pie":3,"minecraft:iron_leggings":1},"minecraft:broken":{"minecraft:iron_axe":1,"minecraft:iron_sword":1},"minecraft:picked_up":{"minecraft:pink_petals":5,"minecraft:crafting_table":1,"minecraft:iron_chestplate":2,"minecraft:dirt":4,"minecraft:iron_leggings":2,"minecraft:bone":7,"minecraft:apple":2,"minecraft:wheat_seeds":1,"minecraft:dark_oak_sign":9,"minecraft:bamboo":6,"twigs:twig":11,"minecraft:raw_iron":15,"minecraft:gravel":3,"twigs:bamboo_leaves":3,"minecraft:cherry_log":33,"tombstone:grave_dust":3,"minecraft:cyan_bed":5,"minecraft:mossy_cobblestone":1,"minecraft:arrow":2,"minecraft:rotten_flesh":12,"minecraft:iron_helmet":2,"minecraft:painting":2,"minecraft:cherry_sapling":15,"minecraft:bread":10,"minecraft:black_banner":1,"minecraft:cobblestone":12},"minecraft:custom":{"minecraft:interact_with_furnace":7,"lootr:looted_stat":3,"minecraft:mob_kills":25,"tombstone:raider_killed":1,"minecraft:interact_with_crafting_table":12,"minecraft:open_barrel":1,"minecraft:damage_dealt_resisted":0,"minecraft:leave_game":2,"minecraft:time_since_death":0,"minecraft:damage_resisted":0,"minecraft:time_since_rest":175,"minecraft:sprint_one_cm":147230,"minecraft:damage_taken":1452,"minecraft:walk_one_cm":86341,"minecraft:damage_blocked_by_shield":990,"minecraft:drop":4,"minecraft:damage_dealt":10010,"minecraft:fly_one_cm":164738,"minecraft:crouch_one_cm":6299,"minecraft:play_time":59924,"tombstone:undead_killed":22,"minecraft:deaths":3,"minecraft:sneak_time":2722,"minecraft:jump":802,"minecraft:total_world_time":59924,"minecraft:fall_one_cm":20479}},"DataVersion":3465}