{"stats":{"minecraft:killed":{"minecraft:pig":3,"minecraft:spider":1,"minecraft:skeleton":1,"minecraft:zombie":2,"minecraft:cow":6},"minecraft:mined":{"minecraft:cherry_log":21,"minecraft:oak_fence":1,"minecraft:crafting_table":3,"minecraft:grass_block":4,"minecraft:emerald_ore":2,"minecraft:decorated_pot":1,"minecraft:oak_planks":3,"minecraft:pink_petals":22,"minecraft:hay_block":73,"minecraft:furnace":2,"minecraft:iron_ore":19,"minecraft:tnt":1,"minecraft:grass":5,"minecraft:bookshelf":46,"minecraft:coal_ore":11,"minecraft:vine":1,"minecraft:cherry_leaves":1,"minecraft:zombie_head":1,"minecraft:dirt":7,"minecraft:cobweb":28,"minecraft:stone_bricks":2,"minecraft:stone":39,"minecraft:white_tulip":1,"create:crimsite":9},"minecraft:used":{"minecraft:armor_stand":5,"minecraft:stone_pickaxe":45,"minecraft:oak_planks":3,"minecraft:wooden_pickaxe":3,"minecraft:cherry_planks":25,"minecraft:iron_sword":112,"minecraft:torch":4,"minecraft:crafting_table":4,"minecraft:bread":8,"minecraft:iron_pickaxe":40,"minecraft:barrel":3,"minecraft:stone_bricks":2,"minecraft:golden_leggings":1,"minecraft:golden_helmet":1,"minecraft:stone_axe":93,"minecraft:furnace":3,"alexsmobs:animal_dictionary":1,"minecraft:cooked_beef":6,"minecraft:experience_bottle":1},"minecraft:picked_up":{"minecraft:iron_chestplate":4,"minecraft:pink_petals":46,"minecraft:shelter_pottery_sherd":1,"minecraft:crafting_table":3,"minecraft:azure_bluet":1,"minecraft:cherry_planks":2,"minecraft:leather":7,"minecraft:golden_leggings":3,"minecraft:brick":6,"minecraft:string":28,"minecraft:dirt":13,"minecraft:lantern":5,"minecraft:iron_leggings":4,"minecraft:experience_bottle":1,"minecraft:zombie_head":2,"minecraft:armor_stand":8,"minecraft:bone":3,"minecraft:stone_bricks":2,"minecraft:bow":6,"minecraft:wheat_seeds":1,"minecraft:beef":10,"minecraft:iron_ingot":5,"minecraft:stone_pickaxe":1,"minecraft:white_tulip":1,"minecraft:iron_sword":1,"minecraft:birch_sapling":3,"minecraft:oak_planks":4,"minecraft:iron_boots":4,"minecraft:book":141,"minecraft:furnace":2,"minecraft:golden_helmet":3,"minecraft:stick":8,"minecraft:raw_iron":19,"minecraft:oak_fence":1,"minecraft:porkchop":9,"minecraft:cherry_log":20,"sophisticatedbackpacks:iron_backpack":1,"minecraft:tnt":1,"create:crimsite":9,"minecraft:iron_helmet":4,"minecraft:hay_block":73,"minecraft:cherry_sapling":8,"minecraft:emerald":3,"minecraft:coal":11,"minecraft:cobblestone":36},"minecraft:custom":{"minecraft:interact_with_furnace":25,"minecraft:mob_kills":16,"minecraft:open_barrel":7,"minecraft:interact_with_crafting_table":11,"minecraft:time_since_death":71265,"minecraft:climb_one_cm":1580,"minecraft:time_since_rest":71265,"minecraft:waystone_activated":2,"minecraft:sprint_one_cm":228590,"minecraft:damage_taken":513,"minecraft:walk_one_cm":143279,"minecraft:drop":27,"minecraft:damage_dealt":2126,"minecraft:swim_one_cm":3151,"minecraft:fly_one_cm":256488,"minecraft:open_chest":13,"minecraft:crouch_one_cm":14623,"minecraft:play_time":71265,"tombstone:undead_killed":3,"minecraft:sneak_time":6399,"minecraft:walk_under_water_one_cm":262,"minecraft:jump":1299,"minecraft:interact_with_blast_furnace":3,"minecraft:walk_on_water_one_cm":677,"minecraft:total_world_time":71265,"minecraft:fall_one_cm":36451},"minecraft:crafted":{"minecraft:cooked_beef":7,"minecraft:cherry_planks":80,"minecraft:crafting_table":2,"minecraft:wooden_pickaxe":1,"minecraft:iron_sword":1,"minecraft:furnace":1,"minecraft:stone_axe":1,"minecraft:bread":33,"minecraft:air":0,"minecraft:stick":16,"minecraft:iron_ingot":4,"minecraft:iron_pickaxe":1,"minecraft:stone_pickaxe":1,"minecraft:torch":24,"minecraft:wheat":99},"minecraft:dropped":{"minecraft:bread":12,"minecraft:cooked_beef":1,"minecraft:birch_sapling":3,"minecraft:cherry_sapling":8,"minecraft:oak_fence":1,"minecraft:oak_planks":1,"minecraft:leather":1,"minecraft:stick":9,"minecraft:dirt":4,"minecraft:zombie_head":1,"minecraft:stone_pickaxe":1,"exposure:aged_photograph":1,"minecraft:brick":3}},"DataVersion":3465}