{"stats":{"minecraft:killed":{"minecraft:zombie":1,"minecraft:spider":1,"minecraft:skeleton":1,"minecraft:cow":3},"minecraft:mined":{"minecraft:pink_petals":22,"minecraft:furnace":2,"minecraft:iron_ore":13,"minecraft:cherry_log":21,"minecraft:crafting_table":2,"minecraft:grass":4,"minecraft:coal_ore":11,"minecraft:decorated_pot":1,"minecraft:vine":1,"minecraft:cherry_leaves":1,"minecraft:white_tulip":1,"minecraft:stone":23,"minecraft:oak_planks":1},"minecraft:used":{"minecraft:stone_pickaxe":45,"minecraft:iron_pickaxe":3,"minecraft:wooden_pickaxe":3,"minecraft:cherry_planks":18,"minecraft:iron_sword":10,"minecraft:stone_axe":14,"minecraft:torch":3,"minecraft:crafting_table":3,"minecraft:furnace":3,"alexsmobs:animal_dictionary":1,"minecraft:cooked_beef":6},"minecraft:picked_up":{"minecraft:shelter_pottery_sherd":1,"minecraft:stick":8,"minecraft:crafting_table":2,"minecraft:raw_iron":13,"minecraft:cherry_planks":2,"minecraft:leather":3,"minecraft:cherry_log":20,"minecraft:brick":3,"minecraft:dirt":1,"minecraft:bone":3,"minecraft:wheat_seeds":1,"minecraft:white_tulip":1,"minecraft:iron_ingot":5,"minecraft:beef":6,"minecraft:stone_pickaxe":1,"minecraft:cherry_sapling":8,"minecraft:oak_planks":1,"minecraft:birch_sapling":3,"minecraft:coal":11,"minecraft:pink_petals":46,"minecraft:cobblestone":23,"minecraft:furnace":2},"minecraft:custom":{"minecraft:time_since_rest":35265,"minecraft:interact_with_furnace":11,"minecraft:sprint_one_cm":101773,"minecraft:damage_taken":370,"minecraft:walk_one_cm":67939,"minecraft:mob_kills":7,"minecraft:drop":2,"minecraft:damage_dealt":986,"minecraft:interact_with_crafting_table":10,"minecraft:fly_one_cm":108755,"minecraft:crouch_one_cm":8242,"minecraft:play_time":35265,"tombstone:undead_killed":2,"minecraft:sneak_time":3258,"minecraft:jump":626,"minecraft:time_since_death":35265,"minecraft:climb_one_cm":170,"minecraft:total_world_time":35265,"minecraft:fall_one_cm":18146,"minecraft:waystone_activated":1},"minecraft:crafted":{"minecraft:cooked_beef":7,"minecraft:cherry_planks":80,"minecraft:crafting_table":1,"minecraft:stick":16,"minecraft:iron_ingot":4,"minecraft:wooden_pickaxe":1,"minecraft:iron_pickaxe":1,"minecraft:stone_pickaxe":1,"minecraft:iron_sword":1,"minecraft:furnace":1,"minecraft:torch":24,"minecraft:stone_axe":1,"minecraft:air":0},"minecraft:dropped":{"minecraft:cooked_beef":1,"minecraft:stone_pickaxe":1}},"DataVersion":3465}