{"stats":{"minecraft:killed":{"minecraft:pig":3,"minecraft:spider":1,"minecraft:skeleton":1,"minecraft:zombie":2,"minecraft:cow":6},"minecraft:mined":{"minecraft:cherry_log":21,"minecraft:oak_fence":1,"minecraft:crafting_table":3,"minecraft:grass_block":4,"minecraft:emerald_ore":2,"minecraft:decorated_pot":1,"minecraft:oak_planks":3,"minecraft:pink_petals":22,"minecraft:hay_block":59,"minecraft:furnace":2,"minecraft:iron_ore":19,"minecraft:grass":5,"minecraft:bookshelf":29,"minecraft:coal_ore":11,"minecraft:vine":1,"minecraft:cherry_leaves":1,"minecraft:zombie_head":1,"minecraft:dirt":7,"minecraft:stone_bricks":2,"minecraft:stone":39,"minecraft:white_tulip":1,"create:crimsite":9},"minecraft:used":{"minecraft:armor_stand":4,"minecraft:stone_pickaxe":45,"minecraft:oak_planks":3,"minecraft:wooden_pickaxe":3,"minecraft:cherry_planks":21,"minecraft:iron_sword":75,"minecraft:torch":4,"minecraft:crafting_table":4,"minecraft:bread":6,"minecraft:iron_pickaxe":40,"minecraft:stone_bricks":2,"minecraft:golden_leggings":1,"minecraft:golden_helmet":1,"minecraft:stone_axe":68,"minecraft:furnace":3,"alexsmobs:animal_dictionary":1,"minecraft:cooked_beef":6,"minecraft:experience_bottle":1},"minecraft:picked_up":{"minecraft:pink_petals":46,"minecraft:shelter_pottery_sherd":1,"minecraft:crafting_table":3,"minecraft:azure_bluet":1,"minecraft:cherry_planks":2,"minecraft:leather":7,"minecraft:golden_leggings":3,"minecraft:brick":6,"minecraft:dirt":5,"minecraft:lantern":5,"minecraft:experience_bottle":1,"minecraft:zombie_head":1,"minecraft:armor_stand":4,"minecraft:bone":3,"minecraft:stone_bricks":2,"minecraft:wheat_seeds":1,"minecraft:beef":10,"minecraft:iron_ingot":5,"minecraft:stone_pickaxe":1,"minecraft:white_tulip":1,"minecraft:iron_sword":1,"minecraft:birch_sapling":3,"minecraft:oak_planks":4,"minecraft:book":90,"minecraft:furnace":2,"minecraft:golden_helmet":3,"minecraft:stick":8,"minecraft:raw_iron":19,"minecraft:oak_fence":1,"minecraft:porkchop":9,"minecraft:cherry_log":20,"sophisticatedbackpacks:iron_backpack":1,"create:crimsite":9,"minecraft:hay_block":59,"minecraft:cherry_sapling":8,"minecraft:emerald":3,"minecraft:coal":11,"minecraft:cobblestone":36},"minecraft:custom":{"minecraft:interact_with_furnace":25,"minecraft:mob_kills":16,"minecraft:interact_with_crafting_table":11,"minecraft:time_since_death":59265,"minecraft:climb_one_cm":742,"minecraft:time_since_rest":59265,"minecraft:waystone_activated":1,"minecraft:sprint_one_cm":197197,"minecraft:damage_taken":493,"minecraft:walk_one_cm":125774,"minecraft:drop":12,"minecraft:damage_dealt":2126,"minecraft:swim_one_cm":3151,"minecraft:fly_one_cm":200903,"minecraft:open_chest":12,"minecraft:crouch_one_cm":11676,"minecraft:play_time":59265,"tombstone:undead_killed":3,"minecraft:sneak_time":5630,"minecraft:walk_under_water_one_cm":262,"minecraft:jump":1088,"minecraft:interact_with_blast_furnace":2,"minecraft:walk_on_water_one_cm":623,"minecraft:total_world_time":59265,"minecraft:fall_one_cm":30198},"minecraft:crafted":{"minecraft:cooked_beef":7,"minecraft:cherry_planks":80,"minecraft:crafting_table":2,"minecraft:wooden_pickaxe":1,"minecraft:iron_sword":1,"minecraft:furnace":1,"minecraft:stone_axe":1,"minecraft:bread":33,"minecraft:air":0,"minecraft:stick":16,"minecraft:iron_ingot":4,"minecraft:iron_pickaxe":1,"minecraft:stone_pickaxe":1,"minecraft:torch":24,"minecraft:wheat":99},"minecraft:dropped":{"minecraft:cooked_beef":1,"minecraft:birch_sapling":3,"minecraft:cherry_sapling":8,"minecraft:oak_fence":1,"minecraft:oak_planks":1,"minecraft:stick":9,"minecraft:dirt":4,"minecraft:stone_pickaxe":1,"minecraft:brick":3}},"DataVersion":3465}