{"stats":{"minecraft:killed":{"minecraft:pig":3,"minecraft:spider":1,"minecraft:skeleton":4,"minecraft:zombie":4,"minecraft:cow":6},"minecraft:mined":{"minecraft:cherry_planks":1,"alexscaves:radrock":148,"minecraft:cherry_log":21,"alexscaves:radrock_bricks":1,"minecraft:oak_fence":1,"minecraft:crafting_table":3,"minecraft:grass_block":6,"minecraft:emerald_ore":2,"minecraft:decorated_pot":1,"minecraft:copper_ore":1,"minecraft:oak_planks":3,"minecraft:pink_petals":22,"minecraft:hay_block":73,"alexscaves:radrock_uranium_ore":25,"minecraft:furnace":2,"minecraft:mud":7,"minecraft:cobbled_deepslate":1,"minecraft:iron_ore":19,"alexscaves:waste_drum":2,"alexscaves:radrock_slab":1,"minecraft:tnt":1,"minecraft:stone_brick_stairs":1,"minecraft:grass":5,"minecraft:bookshelf":46,"minecraft:coal_ore":11,"minecraft:vine":1,"alexscaves:underweed":2,"minecraft:cherry_leaves":1,"minecraft:zombie_head":1,"minecraft:dirt":7,"minecraft:cobweb":28,"minecraft:stone_bricks":6,"minecraft:stone":39,"minecraft:white_tulip":1,"create:crimsite":9},"minecraft:used":{"minecraft:water_bucket":1,"minecraft:armor_stand":5,"minecraft:stone_pickaxe":45,"minecraft:oak_planks":3,"minecraft:wooden_pickaxe":3,"minecraft:cherry_planks":33,"minecraft:iron_sword":130,"minecraft:torch":24,"minecraft:dirt":26,"minecraft:crafting_table":4,"minecraft:bread":37,"minecraft:iron_pickaxe":234,"minecraft:barrel":3,"minecraft:stone_bricks":6,"minecraft:golden_leggings":1,"minecraft:golden_helmet":1,"minecraft:stone_axe":93,"minecraft:furnace":3,"minecraft:bucket":1,"alexsmobs:animal_dictionary":1,"minecraft:cooked_beef":6,"alexscaves:radrock":43,"minecraft:experience_bottle":1},"minecraft:picked_up":{"minecraft:mud":4,"minecraft:iron_chestplate":4,"minecraft:pink_petals":46,"minecraft:shelter_pottery_sherd":1,"minecraft:crafting_table":4,"alexscaves:waste_drum":4,"minecraft:azure_bluet":1,"minecraft:cherry_planks":6,"minecraft:leather":7,"minecraft:golden_leggings":3,"minecraft:stone_brick_stairs":1,"minecraft:gunpowder":1,"minecraft:brick":6,"minecraft:raw_copper":4,"minecraft:string":28,"minecraft:dirt":31,"minecraft:lantern":5,"minecraft:iron_leggings":4,"minecraft:experience_bottle":1,"minecraft:zombie_head":2,"minecraft:armor_stand":8,"minecraft:bone":6,"minecraft:stone_bricks":6,"minecraft:bow":6,"minecraft:wheat_seeds":1,"minecraft:cobbled_deepslate":1,"alexscaves:radrock":159,"minecraft:beef":10,"minecraft:iron_ingot":5,"minecraft:stone_pickaxe":1,"minecraft:white_tulip":1,"alexscaves:radrock_bricks":1,"minecraft:iron_sword":1,"minecraft:birch_sapling":3,"minecraft:oak_planks":4,"minecraft:iron_boots":4,"minecraft:book":141,"minecraft:furnace":2,"minecraft:golden_helmet":3,"minecraft:stick":8,"minecraft:raw_iron":19,"minecraft:oak_fence":1,"minecraft:torch":1,"alexscaves:uranium":25,"alexscaves:radrock_slab":1,"minecraft:porkchop":9,"minecraft:cherry_log":20,"sophisticatedbackpacks:iron_backpack":1,"minecraft:bundle":1,"minecraft:tnt":1,"minecraft:rotten_flesh":3,"minecraft:arrow":5,"create:crimsite":9,"minecraft:iron_helmet":4,"minecraft:hay_block":73,"minecraft:cherry_sapling":8,"minecraft:emerald":3,"minecraft:coal":11,"minecraft:cobblestone":36},"minecraft:custom":{"minecraft:interact_with_furnace":31,"minecraft:mob_kills":21,"minecraft:open_barrel":12,"minecraft:interact_with_crafting_table":11,"minecraft:time_since_death":8125,"minecraft:climb_one_cm":4258,"minecraft:time_since_rest":7130,"minecraft:waystone_activated":2,"minecraft:sprint_one_cm":396076,"minecraft:damage_taken":2513,"minecraft:walk_one_cm":237621,"minecraft:drop":42,"minecraft:damage_dealt":3065,"minecraft:swim_one_cm":66387,"minecraft:fly_one_cm":412721,"minecraft:open_chest":24,"minecraft:crouch_one_cm":42022,"minecraft:deaths":1,"minecraft:play_time":143265,"tombstone:undead_killed":8,"minecraft:sneak_time":18643,"minecraft:walk_under_water_one_cm":8398,"minecraft:boat_one_cm":95201,"minecraft:jump":2185,"minecraft:interact_with_blast_furnace":4,"minecraft:walk_on_water_one_cm":10662,"minecraft:total_world_time":143265,"minecraft:fall_one_cm":57458},"minecraft:crafted":{"minecraft:cooked_beef":7,"minecraft:cherry_planks":80,"minecraft:crafting_table":2,"minecraft:wooden_pickaxe":1,"minecraft:iron_sword":1,"minecraft:furnace":1,"minecraft:stone_axe":1,"minecraft:bread":33,"minecraft:air":0,"minecraft:glass":1,"minecraft:stick":16,"minecraft:iron_ingot":4,"minecraft:iron_pickaxe":1,"minecraft:stone_pickaxe":1,"minecraft:torch":24,"minecraft:wheat":99},"minecraft:dropped":{"minecraft:bread":12,"alexscaves:waste_drum":1,"minecraft:cooked_beef":1,"minecraft:raw_copper":4,"minecraft:birch_sapling":3,"minecraft:iron_boots":2,"minecraft:cherry_sapling":8,"minecraft:oak_fence":1,"minecraft:iron_helmet":2,"minecraft:oak_planks":1,"minecraft:leather":1,"minecraft:azure_bluet":1,"minecraft:stick":9,"minecraft:dirt":4,"minecraft:iron_chestplate":2,"minecraft:iron_leggings":1,"minecraft:golden_leggings":2,"minecraft:zombie_head":1,"minecraft:glass":1,"minecraft:stone_pickaxe":1,"minecraft:bone":2,"exposure:aged_photograph":1,"minecraft:brick":3}},"DataVersion":3465}