{"stats":{"minecraft:killed":{"minecraft:pig":3,"minecraft:spider":1,"minecraft:skeleton":1,"minecraft:zombie":1,"minecraft:cow":6},"minecraft:mined":{"minecraft:cherry_log":21,"minecraft:oak_fence":1,"minecraft:crafting_table":3,"minecraft:emerald_ore":2,"minecraft:decorated_pot":1,"minecraft:oak_planks":1,"minecraft:pink_petals":22,"minecraft:hay_block":11,"minecraft:furnace":2,"minecraft:iron_ore":19,"minecraft:grass":5,"minecraft:bookshelf":9,"minecraft:coal_ore":11,"minecraft:vine":1,"minecraft:cherry_leaves":1,"minecraft:zombie_head":1,"minecraft:stone":28,"minecraft:white_tulip":1,"create:crimsite":9},"minecraft:used":{"minecraft:armor_stand":4,"minecraft:stone_pickaxe":45,"minecraft:wooden_pickaxe":3,"minecraft:cherry_planks":18,"minecraft:iron_sword":71,"minecraft:torch":3,"minecraft:crafting_table":4,"minecraft:bread":5,"minecraft:iron_pickaxe":26,"minecraft:golden_leggings":1,"minecraft:golden_helmet":1,"minecraft:stone_axe":38,"minecraft:furnace":3,"alexsmobs:animal_dictionary":1,"minecraft:cooked_beef":6},"minecraft:picked_up":{"minecraft:pink_petals":46,"minecraft:shelter_pottery_sherd":1,"minecraft:crafting_table":3,"minecraft:cherry_planks":2,"minecraft:leather":7,"minecraft:golden_leggings":3,"minecraft:brick":6,"minecraft:dirt":1,"minecraft:zombie_head":1,"minecraft:armor_stand":4,"minecraft:bone":3,"minecraft:wheat_seeds":1,"minecraft:beef":10,"minecraft:iron_ingot":5,"minecraft:stone_pickaxe":1,"minecraft:white_tulip":1,"minecraft:iron_sword":1,"minecraft:birch_sapling":3,"minecraft:oak_planks":1,"minecraft:book":27,"minecraft:furnace":2,"minecraft:golden_helmet":3,"minecraft:stick":8,"minecraft:raw_iron":19,"minecraft:oak_fence":1,"minecraft:porkchop":9,"minecraft:cherry_log":20,"create:crimsite":9,"minecraft:hay_block":11,"minecraft:cherry_sapling":8,"minecraft:emerald":2,"minecraft:coal":11,"minecraft:cobblestone":27},"minecraft:custom":{"minecraft:interact_with_furnace":17,"minecraft:mob_kills":14,"minecraft:interact_with_crafting_table":11,"minecraft:time_since_death":47265,"minecraft:climb_one_cm":742,"minecraft:time_since_rest":47265,"minecraft:waystone_activated":1,"minecraft:sprint_one_cm":162452,"minecraft:damage_taken":470,"minecraft:walk_one_cm":99358,"minecraft:drop":3,"minecraft:damage_dealt":1646,"minecraft:swim_one_cm":3151,"minecraft:fly_one_cm":170219,"minecraft:open_chest":8,"minecraft:crouch_one_cm":8776,"minecraft:play_time":47265,"tombstone:undead_killed":2,"minecraft:sneak_time":3499,"minecraft:walk_under_water_one_cm":262,"minecraft:jump":949,"minecraft:walk_on_water_one_cm":623,"minecraft:total_world_time":47265,"minecraft:fall_one_cm":26757},"minecraft:crafted":{"minecraft:cooked_beef":7,"minecraft:cherry_planks":80,"minecraft:crafting_table":2,"minecraft:wooden_pickaxe":1,"minecraft:iron_sword":1,"minecraft:furnace":1,"minecraft:stone_axe":1,"minecraft:bread":33,"minecraft:air":0,"minecraft:stick":16,"minecraft:iron_ingot":4,"minecraft:iron_pickaxe":1,"minecraft:stone_pickaxe":1,"minecraft:torch":24,"minecraft:wheat":99},"minecraft:dropped":{"minecraft:cooked_beef":1,"minecraft:stone_pickaxe":1,"minecraft:brick":3}},"DataVersion":3465}