{"stats":{"minecraft:mined":{"minecraft:large_fern":1,"minecraft:wheat":1,"minecraft:cherry_log":32,"minecraft:crafting_table":1,"minecraft:grass":2,"minecraft:cherry_leaves":2,"minecraft:gravel":2,"minecraft:dirt":1,"minecraft:bamboo":1},"minecraft:crafted":{"minecraft:cherry_planks":4,"minecraft:crafting_table":1},"minecraft:dropped":{"tombstone:grave_key":1},"minecraft:used":{"minecraft:apple":2,"minecraft:bread":1,"minecraft:gravel":1,"minecraft:bamboo":6,"minecraft:dirt":1,"minecraft:crafting_table":1,"tombstone:gift":1},"minecraft:picked_up":{"minecraft:crafting_table":1,"minecraft:raw_iron":15,"minecraft:gravel":2,"twigs:bamboo_leaves":3,"minecraft:cherry_log":32,"minecraft:dirt":2,"minecraft:apple":2,"minecraft:wheat_seeds":1,"minecraft:cherry_sapling":4,"minecraft:bread":10,"minecraft:bamboo":6,"twigs:twig":4},"minecraft:custom":{"minecraft:time_since_rest":11490,"minecraft:sprint_one_cm":26315,"minecraft:damage_taken":361,"minecraft:walk_one_cm":18529,"minecraft:mob_kills":1,"minecraft:drop":1,"minecraft:damage_dealt":32,"minecraft:fly_one_cm":40672,"minecraft:interact_with_crafting_table":2,"minecraft:crouch_one_cm":1742,"minecraft:play_time":14830,"minecraft:deaths":1,"minecraft:sneak_time":1184,"minecraft:jump":171,"minecraft:damage_dealt_resisted":0,"minecraft:time_since_death":11635,"minecraft:total_world_time":14830,"minecraft:fall_one_cm":3195}},"DataVersion":3465}