{"stats":{"minecraft:killed":{"alexscaves:brainiac":2,"alexsmobs:raccoon":2,"minecraft:spider":6,"alexscaves:nucleeper":1,"minecraft:skeleton":14,"alexscaves:radgill":2,"minecraft:chicken":8,"minecraft:silverfish":4,"alexscaves:gammaroach":2,"minecraft:zombie_villager":1,"minecraft:salmon":4,"minecraft:creeper":3,"minecraft:sheep":3,"minecraft:zombie":32,"alexsmobs:cockroach":1,"alexsmobs:terrapin":1,"minecraft:cow":5},"minecraft:mined":{"create:deepslate_zinc_ore":9,"minecraft:red_carpet":1,"alexscaves:acidic_radrock":1,"minecraft:deepslate_diamond_ore":13,"alexscaves:radrock":209,"minecraft:cherry_log":33,"minecraft:glow_lichen":1,"minecraft:budding_amethyst":1,"minecraft:grass_block":14,"alexscaves:sulfur_cluster":1,"farmersdelight:tomatoes":1,"minecraft:spruce_leaves":6,"minecraft:moss_block":1,"minecraft:large_fern":3,"minecraft:hay_block":12,"alexscaves:radrock_uranium_ore":42,"minecraft:spore_blossom":1,"minecraft:furnace":4,"minecraft:iron_ore":23,"minecraft:fire":1,"minecraft:cobbled_deepslate":1,"alexscaves:rusty_scrap_metal":2,"minecraft:andesite":2,"minecraft:bell":1,"create:asurine":2,"minecraft:pointed_dripstone":2,"minecraft:vine":2,"minecraft:deepslate_iron_ore":27,"minecraft:bamboo":1,"minecraft:stone":405,"minecraft:blackstone":2,"minecraft:blue_stained_glass":11,"minecraft:crafting_table":3,"minecraft:torch":7,"minecraft:blast_furnace":2,"minecraft:emerald_ore":2,"minecraft:calcite":10,"minecraft:lime_carpet":1,"minecraft:cobblestone":4,"minecraft:copper_ore":5,"minecraft:tall_grass":13,"minecraft:deepslate_coal_ore":25,"farmersdelight:wild_tomatoes":1,"minecraft:deepslate_gold_ore":4,"minecraft:damaged_anvil":1,"minecraft:oak_planks":1,"minecraft:orange_carpet":1,"minecraft:iron_door":2,"minecraft:wall_torch":5,"minecraft:amethyst_block":3,"minecraft:pink_petals":1,"minecraft:coarse_dirt":1,"minecraft:sweet_berry_bush":2,"minecraft:wheat":168,"minecraft:mud":4,"minecraft:birch_log":18,"minecraft:spruce_log":4,"minecraft:birch_leaves":26,"alexscaves:waste_drum":1,"minecraft:tnt":3,"minecraft:yellow_bed":4,"minecraft:grass":19,"minecraft:coal_ore":57,"minecraft:oak_log":7,"minecraft:cherry_leaves":6,"minecraft:gravel":3,"minecraft:yellow_concrete":3,"minecraft:dirt":18,"minecraft:cobweb":1,"minecraft:smooth_basalt":8,"alexscaves:spelunkery_table":1,"minecraft:tuff":8,"create:crimsite":1,"minecraft:oak_leaves":13,"minecraft:deepslate":237,"minecraft:infested_stone":1},"minecraft:used":{"minecraft:cherry_boat":2,"minecraft:iron_shovel":4,"minecraft:chest":3,"minecraft:shield":113,"minecraft:iron_sword":250,"minecraft:cooked_salmon":4,"minecraft:cooked_chicken":7,"minecraft:torch":51,"minecraft:dirt":15,"farmersdelight:rope":12,"minecraft:iron_axe":55,"alexscaves:geothermal_vent":1,"minecraft:hay_block":1,"minecraft:furnace":7,"tombstone:gift":9,"minecraft:cooked_beef":3,"farmersdelight:tomato_seeds":1,"minecraft:cobbled_deepslate":123,"minecraft:enchanted_golden_apple":1,"farmersdelight:fried_egg":2,"minecraft:cooked_mutton":1,"minecraft:water_bucket":37,"minecraft:stone_pickaxe":161,"minecraft:wooden_pickaxe":19,"minecraft:blast_furnace":2,"minecraft:crafting_table":11,"minecraft:diamond_pickaxe":80,"alexscaves:slam":2,"minecraft:bread":59,"minecraft:iron_pickaxe":900,"minecraft:gravel":3,"minecraft:stone_axe":99,"minecraft:cobblestone":244,"minecraft:bucket":38,"minecraft:yellow_bed":1,"alexsmobs:animal_dictionary":2,"alexscaves:radrock":129},"minecraft:picked_up":{"minecraft:wheat":158,"minecraft:mud":7,"minecraft:crafting_table":3,"minecraft:iron_chestplate":1,"alexscaves:waste_drum":6,"alexscaves:radgill":6,"minecraft:azure_bluet":1,"minecraft:chicken":9,"minecraft:enchanted_book":1,"minecraft:shield":1,"minecraft:amethyst_block":3,"minecraft:string":9,"minecraft:raw_copper":17,"minecraft:iron_axe":1,"alexscaves:acidic_radrock":1,"minecraft:experience_bottle":2,"minecraft:blackstone":2,"minecraft:cherry_boat":1,"minecraft:cobbled_deepslate":238,"minecraft:beef":6,"minecraft:calcite":15,"minecraft:poppy":1,"minecraft:birch_sapling":3,"minecraft:furnace":4,"minecraft:iron_boots":1,"minecraft:egg":2,"minecraft:stick":4,"minecraft:raw_iron":50,"alexscaves:geothermal_vent":1,"minecraft:torch":13,"farmersdelight:tomato_seeds":2,"minecraft:cherry_log":36,"minecraft:pointed_dripstone":3,"tombstone:grave_dust":5,"minecraft:redstone":3,"minecraft:tnt":3,"minecraft:lime_carpet":1,"minecraft:arrow":15,"minecraft:rotten_flesh":45,"minecraft:hay_block":12,"alexscaves:spelunkery_table":1,"create:asurine":2,"minecraft:pink_tulip":1,"minecraft:gold_ingot":4,"sophisticatedbackpacks:copper_backpack":1,"minecraft:mutton":5,"minecraft:white_wool":2,"minecraft:cobblestone":410,"minecraft:birch_log":18,"minecraft:pink_petals":60,"minecraft:feather":7,"minecraft:cherry_planks":2,"alexscaves:sulfur_dust":4,"minecraft:iron_door":1,"minecraft:glow_ink_sac":12,"minecraft:salmon":4,"minecraft:andesite":2,"minecraft:leather":10,"minecraft:golden_leggings":2,"exposure:aged_photograph":1,"minecraft:tuff":8,"create:raw_zinc":9,"minecraft:oak_log":7,"minecraft:yellow_bed":4,"minecraft:gunpowder":18,"alexscaves:charred_remnant":2,"alexscaves:rusty_scrap_metal":1,"minecraft:dirt":40,"tombstone:gift":1,"minecraft:bone":12,"alexscaves:hazmat_mask":1,"minecraft:bow":2,"alexscaves:toxic_paste":4,"minecraft:wheat_seeds":392,"minecraft:raw_gold":5,"alexsmobs:cockroach_wing_fragment":1,"minecraft:iron_ingot":5,"minecraft:spore_blossom":1,"alexscaves:radrock":280,"minecraft:bamboo":7,"minecraft:moss_block":1,"minecraft:iron_sword":2,"minecraft:smooth_basalt":8,"minecraft:sweet_berries":5,"minecraft:dandelion":1,"alexscaves:fissile_core":4,"alexscaves:uranium":51,"minecraft:gravel":3,"minecraft:dripstone_block":4,"minecraft:sand":1,"minecraft:blast_furnace":2,"minecraft:spruce_log":4,"minecraft:spider_eye":5,"alexscaves:radon_bottle":1,"minecraft:diamond":13,"minecraft:iron_helmet":1,"minecraft:crossbow":1,"minecraft:cherry_sapling":1,"minecraft:emerald":3,"minecraft:bread":22,"minecraft:damaged_anvil":1,"tombstone:magic_scroll":4,"minecraft:coarse_dirt":1,"minecraft:coal":81,"minecraft:ender_pearl":1},"minecraft:custom":{"minecraft:interact_with_smithing_table":4,"minecraft:mob_kills":92,"minecraft:interact_with_crafting_table":35,"minecraft:open_barrel":16,"minecraft:eat_cake_slice":5,"minecraft:leave_game":5,"minecraft:time_since_death":15628,"minecraft:climb_one_cm":7253,"minecraft:sprint_one_cm":885862,"minecraft:walk_one_cm":831570,"minecraft:damage_blocked_by_shield":6540,"minecraft:drop":18,"minecraft:damage_dealt_absorbed":122,"minecraft:talked_to_villager":3,"minecraft:play_time":303162,"minecraft:deaths":20,"minecraft:sneak_time":5045,"minecraft:walk_under_water_one_cm":36369,"minecraft:boat_one_cm":57667,"minecraft:jump":4405,"minecraft:interact_with_brewingstand":1,"minecraft:interact_with_blast_furnace":12,"minecraft:walk_on_water_one_cm":73251,"minecraft:total_world_time":303162,"minecraft:interact_with_furnace":38,"minecraft:interact_with_loom":1,"minecraft:sleep_in_bed":3,"minecraft:time_since_rest":6115,"minecraft:waystone_activated":4,"minecraft:damage_taken":10207,"minecraft:damage_dealt":14758,"minecraft:fly_one_cm":662585,"minecraft:swim_one_cm":86410,"minecraft:open_chest":61,"minecraft:crouch_one_cm":15434,"tombstone:undead_killed":49,"minecraft:fall_one_cm":112161,"minecraft:horse_one_cm":11515},"minecraft:broken":{"minecraft:iron_boots":1,"minecraft:iron_chestplate":1,"minecraft:golden_leggings":2,"minecraft:stone_pickaxe":1,"minecraft:shield":2,"minecraft:stone_axe":1,"minecraft:iron_pickaxe":3,"minecraft:iron_helmet":1},"minecraft:crafted":{"minecraft:cherry_planks":120,"minecraft:oak_planks":8,"alexscaves:polymer_plate":4,"minecraft:cooked_chicken":7,"minecraft:furnace":5,"minecraft:cherry_boat":1,"minecraft:cooked_mutton":1,"minecraft:stone_pickaxe":2,"minecraft:chest":4,"minecraft:wheat":90,"minecraft:cooked_beef":3,"sophisticatedbackpacks:backpack":1,"minecraft:crafting_table":8,"minecraft:wooden_pickaxe":1,"minecraft:iron_sword":2,"minecraft:cooked_salmon":4,"minecraft:bucket":1,"minecraft:birch_planks":24,"minecraft:stone_axe":1,"minecraft:bread":61,"minecraft:air":0,"farmersdelight:fried_egg":2,"minecraft:charcoal":2,"minecraft:diamond_pickaxe":1,"minecraft:shield":3,"minecraft:stick":36,"minecraft:iron_ingot":33,"minecraft:iron_pickaxe":4,"minecraft:iron_shovel":1,"minecraft:gold_ingot":16,"minecraft:torch":60},"minecraft:dropped":{"minecraft:iron_sword":2,"minecraft:wheat_seeds":2,"alexscaves:acidic_radrock":1,"alexscaves:toxic_paste":3,"alexscaves:fissile_core":3,"minecraft:bone":1,"alexscaves:uranium":51,"alexscaves:waste_drum":6,"alexscaves:radrock":44,"minecraft:shield":1,"alexscaves:charred_remnant":2,"minecraft:calcite":5,"alexscaves:sulfur_dust":3}},"DataVersion":3465}