{"stats":{"minecraft:killed":{"minecraft:salmon":4,"alexsmobs:raccoon":2,"minecraft:spider":2,"minecraft:skeleton":1,"minecraft:zombie":2,"alexsmobs:terrapin":1,"minecraft:chicken":2,"minecraft:cow":1},"minecraft:mined":{"create:deepslate_zinc_ore":9,"minecraft:deepslate_diamond_ore":3,"minecraft:cherry_log":15,"minecraft:crafting_table":2,"minecraft:torch":2,"minecraft:budding_amethyst":1,"minecraft:grass_block":5,"minecraft:calcite":5,"minecraft:tall_grass":1,"minecraft:copper_ore":2,"minecraft:cobblestone":4,"minecraft:deepslate_coal_ore":25,"minecraft:deepslate_gold_ore":4,"minecraft:oak_planks":1,"minecraft:large_fern":1,"minecraft:wall_torch":1,"minecraft:amethyst_block":1,"minecraft:pink_petals":1,"minecraft:spore_blossom":1,"minecraft:furnace":1,"minecraft:birch_log":6,"minecraft:iron_ore":3,"minecraft:cobbled_deepslate":1,"minecraft:birch_leaves":10,"create:asurine":2,"minecraft:oak_log":2,"minecraft:pointed_dripstone":2,"minecraft:coal_ore":25,"minecraft:deepslate_iron_ore":18,"minecraft:vine":2,"minecraft:cherry_leaves":3,"minecraft:gravel":3,"minecraft:dirt":8,"minecraft:smooth_basalt":3,"minecraft:bamboo":1,"minecraft:stone":193,"minecraft:oak_leaves":2,"minecraft:deepslate":122},"minecraft:used":{"minecraft:stone_pickaxe":161,"minecraft:shield":4,"minecraft:wooden_pickaxe":19,"minecraft:cooked_chicken":2,"minecraft:torch":7,"minecraft:dirt":10,"minecraft:crafting_table":6,"farmersdelight:rope":12,"minecraft:diamond_pickaxe":2,"minecraft:iron_pickaxe":251,"minecraft:gravel":3,"minecraft:stone_axe":69,"minecraft:cobblestone":30,"minecraft:furnace":5,"alexsmobs:animal_dictionary":2,"minecraft:cooked_beef":1,"minecraft:cobbled_deepslate":123,"minecraft:enchanted_golden_apple":1,"farmersdelight:fried_egg":1},"minecraft:picked_up":{"minecraft:birch_log":6,"minecraft:pink_petals":10,"minecraft:crafting_table":2,"minecraft:feather":4,"minecraft:chicken":2,"minecraft:glow_ink_sac":12,"minecraft:salmon":4,"minecraft:leather":2,"create:raw_zinc":9,"minecraft:oak_log":2,"minecraft:amethyst_block":1,"minecraft:string":2,"minecraft:dirt":23,"minecraft:raw_copper":8,"minecraft:bone":1,"minecraft:wheat_seeds":1,"minecraft:cobbled_deepslate":123,"minecraft:raw_gold":5,"minecraft:spore_blossom":1,"minecraft:beef":2,"minecraft:calcite":10,"minecraft:bamboo":7,"minecraft:birch_sapling":1,"minecraft:egg":1,"minecraft:furnace":1,"minecraft:raw_iron":21,"minecraft:smooth_basalt":3,"minecraft:torch":3,"minecraft:dripstone_block":4,"minecraft:gravel":3,"minecraft:cherry_log":18,"minecraft:pointed_dripstone":3,"minecraft:spider_eye":1,"minecraft:rotten_flesh":1,"minecraft:diamond":3,"create:asurine":2,"minecraft:cherry_sapling":1,"minecraft:pink_tulip":1,"minecraft:coal":50,"minecraft:cobblestone":200},"minecraft:custom":{"minecraft:interact_with_furnace":14,"minecraft:mob_kills":15,"minecraft:interact_with_crafting_table":15,"minecraft:leave_game":4,"minecraft:time_since_death":63642,"minecraft:climb_one_cm":2050,"minecraft:time_since_rest":62991,"minecraft:waystone_activated":1,"minecraft:sprint_one_cm":133591,"minecraft:damage_taken":815,"minecraft:walk_one_cm":194119,"minecraft:damage_blocked_by_shield":240,"minecraft:drop":1,"minecraft:damage_dealt":1838,"minecraft:swim_one_cm":10352,"minecraft:fly_one_cm":64928,"minecraft:crouch_one_cm":3184,"minecraft:play_time":72075,"tombstone:undead_killed":3,"minecraft:deaths":1,"minecraft:sneak_time":999,"minecraft:walk_under_water_one_cm":3587,"minecraft:jump":759,"minecraft:walk_on_water_one_cm":8210,"minecraft:total_world_time":72075,"minecraft:fall_one_cm":13774,"minecraft:horse_one_cm":11515},"minecraft:broken":{"minecraft:stone_pickaxe":1,"minecraft:iron_pickaxe":1},"minecraft:crafted":{"minecraft:cooked_beef":2,"minecraft:cherry_planks":32,"minecraft:oak_planks":8,"minecraft:crafting_table":4,"minecraft:wooden_pickaxe":1,"minecraft:cooked_chicken":2,"minecraft:furnace":4,"minecraft:birch_planks":24,"minecraft:stone_axe":1,"minecraft:air":0,"farmersdelight:fried_egg":1,"minecraft:diamond_pickaxe":1,"minecraft:charcoal":2,"minecraft:shield":1,"minecraft:stick":20,"minecraft:iron_ingot":20,"minecraft:iron_pickaxe":1,"minecraft:stone_pickaxe":2,"minecraft:torch":12},"minecraft:dropped":{"minecraft:calcite":5}},"DataVersion":3465}