{"stats":{"minecraft:mined":{"minecraft:pink_petals":1,"create:deepslate_zinc_ore":6,"minecraft:spore_blossom":1,"minecraft:deepslate_diamond_ore":3,"minecraft:cobbled_deepslate":1,"minecraft:iron_ore":3,"minecraft:cherry_log":15,"minecraft:torch":1,"minecraft:crafting_table":1,"create:asurine":2,"minecraft:grass_block":2,"minecraft:pointed_dripstone":2,"minecraft:coal_ore":4,"minecraft:deepslate_iron_ore":17,"minecraft:vine":2,"minecraft:cherry_leaves":3,"minecraft:dirt":4,"minecraft:cobblestone":4,"minecraft:deepslate_coal_ore":18,"minecraft:deepslate_gold_ore":4,"minecraft:stone":107,"minecraft:oak_planks":1,"minecraft:wall_torch":1,"minecraft:deepslate":104},"minecraft:used":{"minecraft:stone_pickaxe":132,"minecraft:iron_pickaxe":131,"minecraft:wooden_pickaxe":17,"minecraft:torch":5,"minecraft:stone_axe":15,"minecraft:dirt":6,"minecraft:cobblestone":7,"minecraft:crafting_table":3,"minecraft:furnace":3,"alexsmobs:animal_dictionary":2,"minecraft:cobbled_deepslate":17},"minecraft:picked_up":{"minecraft:pink_petals":4,"minecraft:crafting_table":1,"minecraft:raw_iron":20,"minecraft:glow_ink_sac":12,"minecraft:torch":2,"minecraft:dripstone_block":4,"create:raw_zinc":6,"minecraft:cherry_log":15,"minecraft:pointed_dripstone":3,"minecraft:dirt":6,"minecraft:diamond":3,"minecraft:cobbled_deepslate":105,"minecraft:raw_gold":5,"minecraft:spore_blossom":1,"create:asurine":2,"minecraft:coal":22,"minecraft:cobblestone":114},"minecraft:custom":{"minecraft:time_since_rest":29077,"minecraft:interact_with_furnace":8,"minecraft:sprint_one_cm":73175,"minecraft:damage_taken":445,"minecraft:walk_one_cm":89102,"minecraft:damage_dealt":66,"minecraft:swim_one_cm":4537,"minecraft:interact_with_crafting_table":9,"minecraft:fly_one_cm":30258,"minecraft:crouch_one_cm":2182,"minecraft:play_time":38161,"minecraft:deaths":1,"minecraft:sneak_time":763,"minecraft:walk_under_water_one_cm":1138,"minecraft:jump":265,"minecraft:leave_game":3,"minecraft:time_since_death":29728,"minecraft:walk_on_water_one_cm":5088,"minecraft:climb_one_cm":1032,"minecraft:total_world_time":38161,"minecraft:fall_one_cm":5570},"minecraft:broken":{"minecraft:stone_pickaxe":1},"minecraft:crafted":{"minecraft:cherry_planks":28,"minecraft:diamond_pickaxe":1,"minecraft:charcoal":2,"minecraft:crafting_table":3,"minecraft:stick":16,"minecraft:iron_pickaxe":1,"minecraft:iron_ingot":3,"minecraft:wooden_pickaxe":1,"minecraft:stone_pickaxe":1,"minecraft:furnace":3,"minecraft:torch":12,"minecraft:stone_axe":1,"minecraft:air":0}},"DataVersion":3465}