{"stats":{"minecraft:killed":{"alexscaves:brainiac":1,"alexsmobs:raccoon":2,"minecraft:spider":3,"minecraft:skeleton":4,"alexscaves:radgill":1,"minecraft:chicken":8,"minecraft:silverfish":4,"alexscaves:gammaroach":1,"minecraft:salmon":4,"minecraft:sheep":1,"minecraft:zombie":4,"alexsmobs:cockroach":1,"alexsmobs:terrapin":1,"minecraft:cow":2},"minecraft:mined":{"create:deepslate_zinc_ore":9,"alexscaves:acidic_radrock":1,"minecraft:deepslate_diamond_ore":3,"alexscaves:radrock":143,"minecraft:cherry_log":33,"minecraft:budding_amethyst":1,"minecraft:grass_block":7,"alexscaves:sulfur_cluster":1,"minecraft:large_fern":1,"alexscaves:radrock_uranium_ore":22,"minecraft:spore_blossom":1,"minecraft:furnace":4,"minecraft:iron_ore":6,"minecraft:cobbled_deepslate":1,"minecraft:andesite":2,"create:asurine":2,"minecraft:pointed_dripstone":2,"minecraft:vine":2,"minecraft:deepslate_iron_ore":23,"minecraft:bamboo":1,"minecraft:stone":243,"minecraft:crafting_table":3,"minecraft:torch":3,"minecraft:blast_furnace":1,"minecraft:calcite":5,"minecraft:cobblestone":4,"minecraft:copper_ore":4,"minecraft:tall_grass":1,"minecraft:deepslate_coal_ore":25,"minecraft:deepslate_gold_ore":4,"minecraft:oak_planks":1,"minecraft:iron_door":1,"minecraft:wall_torch":5,"minecraft:amethyst_block":1,"minecraft:pink_petals":1,"minecraft:mud":4,"minecraft:birch_log":6,"minecraft:birch_leaves":10,"alexscaves:waste_drum":1,"minecraft:yellow_bed":4,"minecraft:coal_ore":50,"minecraft:oak_log":2,"minecraft:cherry_leaves":6,"minecraft:gravel":3,"minecraft:dirt":12,"minecraft:cobweb":1,"minecraft:smooth_basalt":3,"minecraft:oak_leaves":3,"minecraft:deepslate":122,"minecraft:infested_stone":1},"minecraft:picked_up":{"minecraft:mud":7,"minecraft:crafting_table":3,"minecraft:iron_chestplate":1,"alexscaves:waste_drum":5,"alexscaves:radgill":2,"minecraft:azure_bluet":1,"minecraft:chicken":8,"minecraft:shield":1,"minecraft:amethyst_block":1,"minecraft:string":5,"minecraft:raw_copper":12,"alexscaves:acidic_radrock":1,"minecraft:cherry_boat":1,"minecraft:cobbled_deepslate":123,"minecraft:beef":3,"minecraft:calcite":10,"minecraft:birch_sapling":1,"minecraft:furnace":4,"minecraft:iron_boots":1,"minecraft:egg":2,"minecraft:raw_iron":29,"minecraft:torch":8,"minecraft:cherry_log":36,"minecraft:pointed_dripstone":3,"tombstone:grave_dust":2,"minecraft:arrow":4,"minecraft:rotten_flesh":8,"create:asurine":2,"minecraft:pink_tulip":1,"minecraft:mutton":1,"minecraft:white_wool":1,"minecraft:cobblestone":248,"minecraft:birch_log":6,"minecraft:pink_petals":10,"minecraft:feather":7,"alexscaves:sulfur_dust":3,"minecraft:iron_door":1,"minecraft:glow_ink_sac":12,"minecraft:salmon":4,"minecraft:andesite":2,"minecraft:leather":5,"minecraft:golden_leggings":2,"exposure:aged_photograph":1,"create:raw_zinc":9,"minecraft:oak_log":2,"minecraft:yellow_bed":4,"minecraft:gunpowder":2,"alexscaves:charred_remnant":1,"minecraft:dirt":28,"tombstone:gift":1,"minecraft:bone":2,"minecraft:wheat_seeds":1,"minecraft:raw_gold":5,"alexsmobs:cockroach_wing_fragment":1,"minecraft:spore_blossom":1,"alexscaves:radrock":183,"minecraft:bamboo":7,"minecraft:smooth_basalt":3,"alexscaves:uranium":31,"minecraft:gravel":3,"minecraft:dripstone_block":4,"minecraft:sand":1,"minecraft:blast_furnace":1,"minecraft:spider_eye":2,"minecraft:diamond":3,"minecraft:iron_helmet":1,"minecraft:cherry_sapling":1,"minecraft:bread":22,"tombstone:magic_scroll":1,"minecraft:coal":74},"minecraft:used":{"minecraft:cherry_boat":2,"minecraft:chest":1,"minecraft:shield":40,"minecraft:iron_sword":67,"minecraft:cooked_salmon":4,"minecraft:cooked_chicken":7,"minecraft:torch":29,"minecraft:dirt":15,"farmersdelight:rope":12,"minecraft:iron_axe":1,"minecraft:furnace":7,"tombstone:gift":4,"minecraft:cooked_beef":3,"minecraft:cobbled_deepslate":123,"minecraft:enchanted_golden_apple":1,"farmersdelight:fried_egg":1,"minecraft:cooked_mutton":1,"minecraft:water_bucket":34,"minecraft:stone_pickaxe":161,"minecraft:wooden_pickaxe":19,"minecraft:crafting_table":9,"minecraft:diamond_pickaxe":80,"minecraft:bread":20,"minecraft:iron_pickaxe":454,"minecraft:gravel":3,"minecraft:stone_axe":99,"minecraft:cobblestone":96,"minecraft:bucket":35,"alexsmobs:animal_dictionary":2,"alexscaves:radrock":82},"minecraft:custom":{"minecraft:interact_with_smithing_table":3,"minecraft:mob_kills":38,"minecraft:interact_with_crafting_table":25,"minecraft:open_barrel":9,"minecraft:leave_game":4,"minecraft:time_since_death":20255,"minecraft:climb_one_cm":4170,"minecraft:sprint_one_cm":356452,"minecraft:walk_one_cm":474289,"minecraft:damage_blocked_by_shield":2340,"minecraft:drop":4,"minecraft:damage_dealt_absorbed":35,"minecraft:play_time":168075,"minecraft:deaths":3,"minecraft:sneak_time":4569,"minecraft:walk_under_water_one_cm":26264,"minecraft:boat_one_cm":57667,"minecraft:jump":1957,"minecraft:interact_with_blast_furnace":3,"minecraft:walk_on_water_one_cm":48110,"minecraft:total_world_time":168075,"minecraft:interact_with_furnace":34,"minecraft:time_since_rest":19560,"minecraft:waystone_activated":2,"minecraft:damage_taken":4127,"minecraft:damage_dealt":5643,"minecraft:fly_one_cm":218718,"minecraft:swim_one_cm":61248,"minecraft:open_chest":16,"minecraft:crouch_one_cm":14347,"tombstone:undead_killed":9,"minecraft:fall_one_cm":33498,"minecraft:horse_one_cm":11515},"minecraft:broken":{"minecraft:golden_leggings":1,"minecraft:stone_pickaxe":1,"minecraft:stone_axe":1,"minecraft:iron_pickaxe":2,"minecraft:iron_helmet":1},"minecraft:crafted":{"minecraft:cherry_planks":104,"minecraft:oak_planks":8,"minecraft:cooked_chicken":7,"minecraft:furnace":5,"minecraft:cherry_boat":1,"minecraft:cooked_mutton":1,"minecraft:stone_pickaxe":2,"minecraft:chest":3,"minecraft:cooked_beef":3,"sophisticatedbackpacks:backpack":1,"minecraft:crafting_table":7,"minecraft:wooden_pickaxe":1,"minecraft:iron_sword":1,"minecraft:cooked_salmon":4,"minecraft:bucket":1,"minecraft:birch_planks":24,"minecraft:stone_axe":1,"minecraft:air":0,"farmersdelight:fried_egg":2,"minecraft:charcoal":2,"minecraft:diamond_pickaxe":1,"minecraft:shield":1,"minecraft:stick":28,"minecraft:iron_ingot":21,"minecraft:iron_pickaxe":2,"minecraft:torch":36},"minecraft:dropped":{"alexscaves:waste_drum":4,"minecraft:shield":1,"minecraft:calcite":5}},"DataVersion":3465}