{"stats":{"minecraft:killed":{"alexsmobs:terrapin":1,"minecraft:chicken":2},"minecraft:mined":{"create:deepslate_zinc_ore":9,"minecraft:deepslate_diamond_ore":3,"minecraft:cherry_log":15,"minecraft:crafting_table":1,"minecraft:torch":2,"minecraft:budding_amethyst":1,"minecraft:grass_block":3,"minecraft:calcite":5,"minecraft:tall_grass":1,"minecraft:copper_ore":2,"minecraft:cobblestone":4,"minecraft:deepslate_coal_ore":25,"minecraft:deepslate_gold_ore":4,"minecraft:oak_planks":1,"minecraft:wall_torch":1,"minecraft:amethyst_block":1,"minecraft:pink_petals":1,"minecraft:spore_blossom":1,"minecraft:birch_log":4,"minecraft:iron_ore":3,"minecraft:cobbled_deepslate":1,"minecraft:birch_leaves":6,"create:asurine":2,"minecraft:oak_log":1,"minecraft:pointed_dripstone":2,"minecraft:coal_ore":20,"minecraft:deepslate_iron_ore":18,"minecraft:vine":2,"minecraft:cherry_leaves":3,"minecraft:gravel":3,"minecraft:dirt":7,"minecraft:smooth_basalt":3,"minecraft:bamboo":1,"minecraft:stone":193,"minecraft:oak_leaves":2,"minecraft:deepslate":122},"minecraft:used":{"minecraft:stone_pickaxe":155,"minecraft:wooden_pickaxe":19,"minecraft:torch":7,"minecraft:dirt":10,"minecraft:crafting_table":5,"farmersdelight:rope":12,"minecraft:diamond_pickaxe":1,"minecraft:iron_pickaxe":251,"minecraft:gravel":3,"minecraft:stone_axe":36,"minecraft:cobblestone":30,"minecraft:furnace":4,"alexsmobs:animal_dictionary":2,"minecraft:cobbled_deepslate":123,"minecraft:enchanted_golden_apple":1},"minecraft:picked_up":{"minecraft:birch_log":3,"minecraft:pink_petals":10,"minecraft:crafting_table":1,"minecraft:feather":4,"minecraft:chicken":2,"minecraft:glow_ink_sac":12,"create:raw_zinc":9,"minecraft:oak_log":1,"minecraft:amethyst_block":1,"minecraft:dirt":13,"minecraft:raw_copper":8,"minecraft:wheat_seeds":1,"minecraft:cobbled_deepslate":123,"minecraft:raw_gold":5,"minecraft:spore_blossom":1,"minecraft:calcite":10,"minecraft:bamboo":7,"minecraft:birch_sapling":1,"minecraft:egg":1,"minecraft:raw_iron":21,"minecraft:smooth_basalt":3,"minecraft:torch":3,"minecraft:dripstone_block":4,"minecraft:gravel":3,"minecraft:cherry_log":18,"minecraft:pointed_dripstone":3,"minecraft:diamond":3,"create:asurine":2,"minecraft:cherry_sapling":1,"minecraft:pink_tulip":1,"minecraft:coal":45,"minecraft:cobblestone":198},"minecraft:custom":{"minecraft:interact_with_furnace":9,"minecraft:mob_kills":3,"minecraft:interact_with_crafting_table":13,"minecraft:leave_game":3,"minecraft:time_since_death":53728,"minecraft:climb_one_cm":2050,"minecraft:time_since_rest":53077,"minecraft:waystone_activated":1,"minecraft:sprint_one_cm":98543,"minecraft:damage_taken":510,"minecraft:walk_one_cm":172678,"minecraft:drop":1,"minecraft:damage_dealt":426,"minecraft:swim_one_cm":4537,"minecraft:fly_one_cm":46613,"minecraft:crouch_one_cm":3184,"minecraft:play_time":62161,"minecraft:deaths":1,"minecraft:sneak_time":986,"minecraft:walk_under_water_one_cm":2332,"minecraft:jump":633,"minecraft:walk_on_water_one_cm":5848,"minecraft:total_world_time":62161,"minecraft:fall_one_cm":10290,"minecraft:horse_one_cm":11515},"minecraft:broken":{"minecraft:stone_pickaxe":1,"minecraft:iron_pickaxe":1},"minecraft:crafted":{"minecraft:cherry_planks":32,"minecraft:crafting_table":4,"minecraft:wooden_pickaxe":1,"minecraft:furnace":4,"minecraft:stone_axe":1,"minecraft:air":0,"minecraft:charcoal":2,"minecraft:diamond_pickaxe":1,"minecraft:stick":20,"minecraft:iron_ingot":3,"minecraft:iron_pickaxe":1,"minecraft:stone_pickaxe":2,"minecraft:torch":12},"minecraft:dropped":{"minecraft:calcite":5}},"DataVersion":3465}