{"stats":{"minecraft:killed":{"minecraft:salmon":4,"alexsmobs:raccoon":2,"minecraft:spider":3,"minecraft:sheep":1,"minecraft:skeleton":2,"alexsmobs:cockroach":1,"minecraft:zombie":2,"alexsmobs:terrapin":1,"minecraft:chicken":6,"minecraft:cow":2},"minecraft:mined":{"create:deepslate_zinc_ore":9,"minecraft:deepslate_diamond_ore":3,"minecraft:cherry_log":33,"minecraft:crafting_table":3,"minecraft:torch":2,"minecraft:budding_amethyst":1,"minecraft:grass_block":7,"minecraft:calcite":5,"minecraft:tall_grass":1,"minecraft:copper_ore":2,"minecraft:cobblestone":4,"minecraft:deepslate_coal_ore":25,"minecraft:deepslate_gold_ore":4,"minecraft:oak_planks":1,"minecraft:large_fern":1,"minecraft:wall_torch":2,"minecraft:amethyst_block":1,"minecraft:pink_petals":1,"minecraft:spore_blossom":1,"minecraft:furnace":2,"minecraft:birch_log":6,"minecraft:iron_ore":6,"minecraft:cobbled_deepslate":1,"minecraft:andesite":2,"minecraft:birch_leaves":10,"create:asurine":2,"minecraft:oak_log":2,"minecraft:pointed_dripstone":2,"minecraft:coal_ore":50,"minecraft:deepslate_iron_ore":18,"minecraft:vine":2,"minecraft:cherry_leaves":6,"minecraft:gravel":3,"minecraft:dirt":11,"minecraft:cobweb":1,"minecraft:smooth_basalt":3,"minecraft:bamboo":1,"minecraft:stone":211,"minecraft:oak_leaves":3,"minecraft:deepslate":122},"minecraft:used":{"minecraft:cherry_boat":2,"minecraft:stone_pickaxe":161,"minecraft:chest":1,"minecraft:shield":23,"minecraft:wooden_pickaxe":19,"minecraft:iron_sword":19,"minecraft:cooked_salmon":4,"minecraft:cooked_chicken":2,"minecraft:torch":12,"minecraft:dirt":14,"minecraft:crafting_table":7,"farmersdelight:rope":12,"minecraft:diamond_pickaxe":54,"minecraft:bread":10,"minecraft:iron_pickaxe":251,"minecraft:gravel":3,"minecraft:stone_axe":99,"minecraft:cobblestone":32,"tombstone:gift":2,"minecraft:furnace":5,"alexsmobs:animal_dictionary":2,"minecraft:cooked_beef":2,"minecraft:cobbled_deepslate":123,"minecraft:enchanted_golden_apple":1,"farmersdelight:fried_egg":1},"minecraft:picked_up":{"minecraft:birch_log":6,"minecraft:pink_petals":10,"minecraft:iron_chestplate":1,"minecraft:crafting_table":3,"minecraft:feather":6,"minecraft:chicken":6,"minecraft:andesite":2,"minecraft:glow_ink_sac":12,"minecraft:salmon":4,"minecraft:leather":5,"minecraft:golden_leggings":1,"exposure:aged_photograph":1,"create:raw_zinc":9,"minecraft:oak_log":2,"minecraft:shield":1,"minecraft:amethyst_block":1,"minecraft:string":5,"minecraft:dirt":28,"minecraft:raw_copper":8,"minecraft:bone":1,"minecraft:cherry_boat":1,"minecraft:wheat_seeds":1,"alexsmobs:cockroach_wing_fragment":1,"minecraft:cobbled_deepslate":123,"minecraft:raw_gold":5,"minecraft:spore_blossom":1,"minecraft:beef":3,"minecraft:calcite":10,"minecraft:bamboo":7,"minecraft:iron_boots":1,"minecraft:birch_sapling":1,"minecraft:egg":2,"minecraft:furnace":2,"minecraft:raw_iron":24,"minecraft:smooth_basalt":3,"minecraft:torch":4,"minecraft:dripstone_block":4,"minecraft:gravel":3,"tombstone:grave_dust":2,"minecraft:cherry_log":36,"minecraft:pointed_dripstone":3,"minecraft:spider_eye":2,"minecraft:arrow":1,"minecraft:rotten_flesh":1,"minecraft:diamond":3,"minecraft:iron_helmet":1,"create:asurine":2,"minecraft:cherry_sapling":1,"minecraft:pink_tulip":1,"minecraft:bread":12,"minecraft:mutton":1,"minecraft:coal":74,"minecraft:white_wool":1,"minecraft:cobblestone":217},"minecraft:custom":{"minecraft:interact_with_furnace":23,"minecraft:mob_kills":24,"minecraft:open_barrel":3,"minecraft:interact_with_crafting_table":20,"minecraft:leave_game":4,"minecraft:time_since_death":9569,"minecraft:climb_one_cm":4170,"minecraft:time_since_rest":7818,"minecraft:waystone_activated":2,"minecraft:sprint_one_cm":274542,"minecraft:damage_taken":2052,"minecraft:walk_one_cm":267597,"minecraft:damage_blocked_by_shield":1065,"minecraft:drop":2,"minecraft:damage_dealt":2987,"minecraft:swim_one_cm":55219,"minecraft:fly_one_cm":167072,"minecraft:open_chest":16,"minecraft:crouch_one_cm":3581,"minecraft:play_time":108075,"tombstone:undead_killed":4,"minecraft:deaths":2,"minecraft:sneak_time":1223,"minecraft:walk_under_water_one_cm":24344,"minecraft:boat_one_cm":57667,"minecraft:jump":1337,"minecraft:interact_with_blast_furnace":2,"minecraft:walk_on_water_one_cm":19541,"minecraft:total_world_time":108075,"minecraft:fall_one_cm":24828,"minecraft:horse_one_cm":11515},"minecraft:broken":{"minecraft:stone_pickaxe":1,"minecraft:stone_axe":1,"minecraft:iron_pickaxe":1},"minecraft:crafted":{"minecraft:cooked_beef":2,"minecraft:cherry_planks":104,"minecraft:oak_planks":8,"sophisticatedbackpacks:backpack":1,"minecraft:crafting_table":5,"minecraft:wooden_pickaxe":1,"minecraft:cooked_chicken":2,"minecraft:iron_sword":1,"minecraft:furnace":4,"minecraft:cooked_salmon":4,"minecraft:cherry_boat":1,"minecraft:birch_planks":24,"minecraft:stone_axe":1,"minecraft:air":0,"farmersdelight:fried_egg":1,"minecraft:diamond_pickaxe":1,"minecraft:charcoal":2,"minecraft:shield":1,"minecraft:stick":28,"minecraft:iron_ingot":20,"minecraft:iron_pickaxe":1,"minecraft:stone_pickaxe":2,"minecraft:chest":2,"minecraft:torch":36},"minecraft:dropped":{"minecraft:shield":1,"minecraft:calcite":5}},"DataVersion":3465}