{"stats":{"minecraft:killed":{"alexscaves:brainiac":2,"alexsmobs:raccoon":2,"minecraft:spider":6,"alexscaves:nucleeper":1,"minecraft:skeleton":13,"alexscaves:radgill":2,"minecraft:chicken":8,"minecraft:silverfish":4,"alexscaves:gammaroach":2,"minecraft:zombie_villager":1,"minecraft:salmon":4,"minecraft:creeper":3,"minecraft:sheep":1,"minecraft:zombie":23,"alexsmobs:cockroach":1,"alexsmobs:terrapin":1,"minecraft:cow":5},"minecraft:mined":{"create:deepslate_zinc_ore":9,"alexscaves:acidic_radrock":1,"minecraft:deepslate_diamond_ore":3,"alexscaves:radrock":208,"minecraft:cherry_log":33,"minecraft:budding_amethyst":1,"minecraft:grass_block":7,"alexscaves:sulfur_cluster":1,"minecraft:large_fern":3,"alexscaves:radrock_uranium_ore":42,"minecraft:spore_blossom":1,"minecraft:furnace":4,"minecraft:iron_ore":6,"minecraft:cobbled_deepslate":1,"alexscaves:rusty_scrap_metal":2,"minecraft:andesite":2,"create:asurine":2,"minecraft:pointed_dripstone":2,"minecraft:vine":2,"minecraft:deepslate_iron_ore":24,"minecraft:bamboo":1,"minecraft:stone":243,"minecraft:crafting_table":3,"minecraft:torch":6,"minecraft:blast_furnace":2,"minecraft:calcite":5,"minecraft:cobblestone":4,"minecraft:copper_ore":4,"minecraft:tall_grass":11,"minecraft:deepslate_coal_ore":25,"minecraft:deepslate_gold_ore":4,"minecraft:oak_planks":1,"minecraft:iron_door":2,"minecraft:wall_torch":5,"minecraft:amethyst_block":1,"minecraft:pink_petals":1,"minecraft:mud":4,"minecraft:birch_log":6,"minecraft:birch_leaves":10,"alexscaves:waste_drum":1,"minecraft:yellow_bed":4,"minecraft:grass":6,"minecraft:coal_ore":50,"minecraft:oak_log":2,"minecraft:cherry_leaves":6,"minecraft:gravel":3,"minecraft:dirt":12,"minecraft:cobweb":1,"minecraft:smooth_basalt":3,"create:crimsite":1,"minecraft:oak_leaves":3,"minecraft:deepslate":122,"minecraft:infested_stone":1},"minecraft:picked_up":{"minecraft:mud":7,"minecraft:crafting_table":3,"minecraft:iron_chestplate":1,"alexscaves:waste_drum":6,"alexscaves:radgill":6,"minecraft:azure_bluet":1,"minecraft:chicken":8,"minecraft:enchanted_book":1,"minecraft:shield":1,"minecraft:amethyst_block":1,"minecraft:string":9,"minecraft:raw_copper":12,"alexscaves:acidic_radrock":1,"minecraft:cherry_boat":1,"minecraft:cobbled_deepslate":123,"minecraft:beef":6,"minecraft:calcite":10,"minecraft:birch_sapling":1,"minecraft:furnace":4,"minecraft:iron_boots":1,"minecraft:egg":2,"minecraft:raw_iron":30,"alexscaves:geothermal_vent":1,"minecraft:torch":11,"minecraft:cherry_log":36,"minecraft:pointed_dripstone":3,"tombstone:grave_dust":5,"minecraft:arrow":15,"minecraft:rotten_flesh":30,"create:asurine":2,"minecraft:pink_tulip":1,"sophisticatedbackpacks:copper_backpack":1,"minecraft:mutton":1,"minecraft:white_wool":1,"minecraft:cobblestone":248,"minecraft:birch_log":6,"minecraft:pink_petals":56,"minecraft:feather":7,"minecraft:cherry_planks":2,"alexscaves:sulfur_dust":3,"minecraft:iron_door":1,"minecraft:glow_ink_sac":12,"minecraft:salmon":4,"minecraft:andesite":2,"minecraft:leather":10,"minecraft:golden_leggings":2,"exposure:aged_photograph":1,"create:raw_zinc":9,"minecraft:oak_log":2,"minecraft:yellow_bed":4,"minecraft:gunpowder":18,"alexscaves:charred_remnant":2,"alexscaves:rusty_scrap_metal":1,"minecraft:dirt":28,"tombstone:gift":1,"minecraft:bone":11,"alexscaves:hazmat_mask":1,"minecraft:bow":2,"alexscaves:toxic_paste":3,"minecraft:wheat_seeds":3,"minecraft:raw_gold":5,"alexsmobs:cockroach_wing_fragment":1,"minecraft:spore_blossom":1,"alexscaves:radrock":257,"minecraft:bamboo":7,"minecraft:iron_sword":2,"minecraft:smooth_basalt":3,"alexscaves:fissile_core":3,"alexscaves:uranium":51,"minecraft:gravel":3,"minecraft:dripstone_block":4,"minecraft:sand":1,"minecraft:blast_furnace":2,"minecraft:spider_eye":5,"minecraft:diamond":3,"minecraft:iron_helmet":1,"minecraft:cherry_sapling":1,"minecraft:bread":22,"tombstone:magic_scroll":2,"minecraft:coal":74},"minecraft:used":{"minecraft:cherry_boat":2,"minecraft:chest":1,"minecraft:shield":98,"minecraft:iron_sword":208,"minecraft:cooked_salmon":4,"minecraft:cooked_chicken":7,"minecraft:torch":29,"minecraft:dirt":15,"farmersdelight:rope":12,"minecraft:iron_axe":3,"alexscaves:geothermal_vent":1,"minecraft:furnace":7,"tombstone:gift":9,"minecraft:cooked_beef":3,"minecraft:cobbled_deepslate":123,"minecraft:enchanted_golden_apple":1,"farmersdelight:fried_egg":2,"minecraft:cooked_mutton":1,"minecraft:water_bucket":36,"minecraft:stone_pickaxe":161,"minecraft:wooden_pickaxe":19,"minecraft:crafting_table":9,"minecraft:diamond_pickaxe":80,"minecraft:bread":50,"minecraft:iron_pickaxe":546,"minecraft:gravel":3,"minecraft:stone_axe":99,"minecraft:cobblestone":96,"minecraft:bucket":37,"alexsmobs:animal_dictionary":2,"alexscaves:radrock":107},"minecraft:custom":{"minecraft:interact_with_smithing_table":4,"minecraft:mob_kills":80,"minecraft:interact_with_crafting_table":29,"minecraft:open_barrel":14,"minecraft:leave_game":4,"minecraft:time_since_death":11736,"minecraft:climb_one_cm":4563,"minecraft:sprint_one_cm":645880,"minecraft:walk_one_cm":703438,"minecraft:damage_blocked_by_shield":5160,"minecraft:drop":7,"minecraft:damage_dealt_absorbed":122,"minecraft:play_time":240075,"minecraft:deaths":15,"minecraft:sneak_time":4737,"minecraft:walk_under_water_one_cm":34332,"minecraft:boat_one_cm":57667,"minecraft:jump":3441,"minecraft:interact_with_blast_furnace":4,"minecraft:walk_on_water_one_cm":67038,"minecraft:total_world_time":240075,"minecraft:interact_with_furnace":36,"minecraft:sleep_in_bed":1,"minecraft:time_since_rest":10889,"minecraft:waystone_activated":2,"minecraft:damage_taken":8381,"minecraft:damage_dealt":12679,"minecraft:fly_one_cm":521474,"minecraft:swim_one_cm":64862,"minecraft:open_chest":25,"minecraft:crouch_one_cm":15054,"tombstone:undead_killed":39,"minecraft:fall_one_cm":72601,"minecraft:horse_one_cm":11515},"minecraft:broken":{"minecraft:iron_boots":1,"minecraft:iron_chestplate":1,"minecraft:golden_leggings":2,"minecraft:stone_pickaxe":1,"minecraft:shield":2,"minecraft:stone_axe":1,"minecraft:iron_pickaxe":2,"minecraft:iron_helmet":1},"minecraft:crafted":{"minecraft:cherry_planks":112,"minecraft:oak_planks":8,"minecraft:cooked_chicken":7,"minecraft:furnace":5,"minecraft:cherry_boat":1,"minecraft:cooked_mutton":1,"minecraft:stone_pickaxe":2,"minecraft:chest":3,"minecraft:wheat":90,"minecraft:cooked_beef":3,"sophisticatedbackpacks:backpack":1,"minecraft:crafting_table":7,"minecraft:wooden_pickaxe":1,"minecraft:iron_sword":1,"minecraft:cooked_salmon":4,"minecraft:bucket":1,"minecraft:birch_planks":24,"minecraft:stone_axe":1,"minecraft:bread":30,"minecraft:air":0,"farmersdelight:fried_egg":2,"minecraft:charcoal":2,"minecraft:diamond_pickaxe":1,"minecraft:shield":3,"minecraft:stick":28,"minecraft:iron_ingot":21,"minecraft:iron_pickaxe":2,"minecraft:torch":36},"minecraft:dropped":{"minecraft:iron_sword":2,"alexscaves:fissile_core":1,"alexscaves:waste_drum":4,"minecraft:shield":1,"minecraft:calcite":5}},"DataVersion":3465}