{"stats":{"minecraft:mined":{"minecraft:pink_petals":1,"minecraft:spore_blossom":1,"minecraft:iron_ore":3,"minecraft:cherry_log":15,"minecraft:torch":1,"minecraft:crafting_table":1,"minecraft:grass_block":2,"minecraft:pointed_dripstone":2,"minecraft:coal_ore":4,"minecraft:deepslate_iron_ore":1,"minecraft:cherry_leaves":3,"minecraft:dirt":4,"minecraft:cobblestone":4,"minecraft:deepslate_coal_ore":5,"minecraft:stone":103,"minecraft:deepslate":25},"minecraft:used":{"minecraft:stone_pickaxe":132,"minecraft:wooden_pickaxe":17,"minecraft:torch":4,"minecraft:stone_axe":14,"minecraft:dirt":6,"minecraft:cobblestone":7,"minecraft:crafting_table":3,"minecraft:furnace":3,"alexsmobs:animal_dictionary":2},"minecraft:picked_up":{"minecraft:pink_petals":4,"minecraft:crafting_table":1,"minecraft:raw_iron":4,"minecraft:glow_ink_sac":12,"minecraft:torch":1,"minecraft:dripstone_block":4,"minecraft:cherry_log":15,"minecraft:pointed_dripstone":3,"minecraft:dirt":6,"minecraft:cobbled_deepslate":25,"minecraft:raw_gold":1,"minecraft:spore_blossom":1,"minecraft:coal":9,"minecraft:cobblestone":110},"minecraft:custom":{"minecraft:time_since_rest":17077,"minecraft:interact_with_furnace":7,"minecraft:sprint_one_cm":67540,"minecraft:damage_taken":350,"minecraft:walk_one_cm":38561,"minecraft:damage_dealt":66,"minecraft:swim_one_cm":4537,"minecraft:interact_with_crafting_table":6,"minecraft:fly_one_cm":28488,"minecraft:crouch_one_cm":1779,"minecraft:play_time":26161,"minecraft:deaths":1,"minecraft:sneak_time":603,"minecraft:walk_under_water_one_cm":1138,"minecraft:jump":182,"minecraft:leave_game":3,"minecraft:time_since_death":17728,"minecraft:walk_on_water_one_cm":5088,"minecraft:climb_one_cm":306,"minecraft:total_world_time":26161,"minecraft:fall_one_cm":3942},"minecraft:broken":{"minecraft:stone_pickaxe":1},"minecraft:crafted":{"minecraft:cherry_planks":24,"minecraft:charcoal":2,"minecraft:crafting_table":2,"minecraft:stick":12,"minecraft:wooden_pickaxe":1,"minecraft:stone_pickaxe":1,"minecraft:furnace":3,"minecraft:torch":12,"minecraft:stone_axe":1,"minecraft:air":0}},"DataVersion":3465}