{"stats":{"minecraft:mined":{"minecraft:pink_petals":1,"minecraft:grass_block":2,"minecraft:cherry_leaves":3,"minecraft:dirt":4,"minecraft:cobblestone":4,"minecraft:cherry_log":15,"minecraft:stone":47,"minecraft:crafting_table":1},"minecraft:picked_up":{"minecraft:pink_petals":4,"minecraft:crafting_table":1,"minecraft:cherry_log":15,"minecraft:dirt":6,"minecraft:cobblestone":51},"minecraft:used":{"minecraft:stone_axe":13,"minecraft:dirt":1,"minecraft:cobblestone":4,"minecraft:crafting_table":2,"minecraft:furnace":1,"minecraft:stone_pickaxe":39,"alexsmobs:animal_dictionary":2,"minecraft:wooden_pickaxe":13},"minecraft:custom":{"minecraft:time_since_rest":7887,"minecraft:crouch_one_cm":318,"minecraft:play_time":16971,"minecraft:sprint_one_cm":37771,"minecraft:damage_taken":320,"minecraft:walk_one_cm":16046,"minecraft:deaths":1,"minecraft:sneak_time":56,"minecraft:walk_under_water_one_cm":158,"minecraft:jump":96,"minecraft:leave_game":2,"minecraft:time_since_death":8538,"minecraft:walk_on_water_one_cm":49,"minecraft:total_world_time":16971,"minecraft:climb_one_cm":306,"minecraft:swim_one_cm":4537,"minecraft:interact_with_crafting_table":5,"minecraft:fly_one_cm":19633,"minecraft:fall_one_cm":3137,"minecraft:interact_with_furnace":1},"minecraft:crafted":{"minecraft:furnace":1,"minecraft:cherry_planks":24,"minecraft:stone_axe":1,"minecraft:crafting_table":2,"minecraft:stick":12,"minecraft:wooden_pickaxe":1,"minecraft:stone_pickaxe":1}},"DataVersion":3465}