{"stats":{"minecraft:killed":{"minecraft:pig":4,"minecraft:spider":4,"minecraft:skeleton":6,"minecraft:zombie":7,"trials:bogged":2,"minecraft:cow":3},"minecraft:mined":{"minecraft:deepslate_redstone_ore":3,"minecraft:oak_slab":1,"minecraft:tuff":6,"minecraft:blackstone":3,"minecraft:deepslate_diamond_ore":45,"trials:tuff_bricks":1,"minecraft:cherry_log":5,"minecraft:spruce_door":1,"minecraft:oak_fence":1,"minecraft:crafting_table":5,"minecraft:blast_furnace":2,"minecraft:coal_block":5,"minecraft:deepslate_gold_ore":18,"minecraft:wall_torch":2,"minecraft:furnace":7,"minecraft:iron_ore":61,"minecraft:fire":2,"minecraft:cobbled_deepslate":4,"minecraft:spruce_log":9,"minecraft:andesite":2,"minecraft:tnt":1,"trials:polished_tuff":1,"minecraft:yellow_bed":1,"minecraft:grass":2,"minecraft:oak_log":1,"minecraft:coal_ore":24,"minecraft:deepslate_iron_ore":46,"minecraft:dirt_path":1,"minecraft:iron_bars":4,"minecraft:dripstone_block":1,"minecraft:cobweb":18,"minecraft:smooth_basalt":4,"minecraft:stone":24,"minecraft:gold_ore":3,"minecraft:deepslate":66},"minecraft:used":{"minecraft:water_bucket":3,"minecraft:stone_sword":72,"minecraft:iron_bars":4,"minecraft:spruce_door":1,"minecraft:stone_pickaxe":60,"minecraft:spruce_planks":6,"minecraft:wooden_pickaxe":3,"minecraft:shield":1,"minecraft:cooked_salmon":2,"minecraft:diamond_axe":7,"minecraft:rotten_flesh":4,"minecraft:torch":4,"minecraft:dirt":1,"minecraft:oak_slab":1,"minecraft:crafting_table":9,"minecraft:blast_furnace":1,"minecraft:dripstone_block":1,"minecraft:lava_bucket":3,"minecraft:iron_pickaxe":295,"minecraft:diamond_sword":23,"minecraft:cobblestone":2,"minecraft:furnace":6,"minecraft:cooked_porkchop":8,"minecraft:andesite":1,"minecraft:bucket":10,"minecraft:cooked_beef":13,"minecraft:cobbled_deepslate":24},"minecraft:picked_up":{"minecraft:crafting_table":5,"minecraft:cooked_beef":5,"minecraft:andesite":2,"minecraft:leather":2,"alexscaves:cave_tablet":1,"minecraft:tuff":6,"minecraft:oak_log":1,"minecraft:yellow_bed":1,"minecraft:dirt":1,"minecraft:string":21,"minecraft:paper":1,"minecraft:cooked_salmon":2,"minecraft:bone":6,"minecraft:blackstone":3,"minecraft:bow":1,"minecraft:cobbled_deepslate":70,"minecraft:raw_gold":21,"minecraft:iron_ingot":10,"trials:tuff_bricks":1,"minecraft:beef":5,"minecraft:iron_pickaxe":1,"minecraft:coal_block":5,"minecraft:furnace":7,"minecraft:tipped_arrow":1,"minecraft:oak_slab":1,"minecraft:raw_iron":146,"minecraft:smooth_basalt":4,"minecraft:cooked_porkchop":2,"minecraft:oak_fence":1,"minecraft:torch":2,"minecraft:dripstone_block":1,"minecraft:porkchop":8,"minecraft:cherry_log":5,"tombstone:grave_dust":2,"minecraft:blast_furnace":2,"minecraft:spruce_log":9,"minecraft:redstone":13,"trials:polished_tuff":1,"minecraft:spruce_door":1,"minecraft:tnt":1,"minecraft:arrow":10,"minecraft:rotten_flesh":7,"minecraft:diamond":45,"minecraft:iron_bars":4,"minecraft:coal":79,"minecraft:cobblestone":23},"minecraft:custom":{"minecraft:interact_with_furnace":16,"minecraft:mob_kills":28,"minecraft:interact_with_crafting_table":14,"minecraft:open_barrel":13,"minecraft:interact_with_loom":4,"minecraft:leave_game":5,"minecraft:time_since_death":47964,"minecraft:climb_one_cm":1143,"minecraft:time_since_rest":46296,"minecraft:waystone_activated":1,"minecraft:sprint_one_cm":179110,"minecraft:damage_taken":3079,"minecraft:walk_one_cm":122500,"minecraft:damage_blocked_by_shield":45,"minecraft:drop":2,"minecraft:damage_dealt":4369,"minecraft:swim_one_cm":33784,"minecraft:fly_one_cm":413017,"minecraft:open_chest":9,"minecraft:play_time":87280,"minecraft:crouch_one_cm":12134,"minecraft:sneak_time":5232,"tombstone:undead_killed":15,"minecraft:deaths":3,"minecraft:walk_under_water_one_cm":17211,"minecraft:jump":1523,"minecraft:interact_with_blast_furnace":4,"minecraft:walk_on_water_one_cm":17574,"minecraft:total_world_time":87280,"minecraft:fall_one_cm":81598},"minecraft:broken":{"minecraft:iron_pickaxe":1},"minecraft:crafted":{"minecraft:cherry_planks":20,"minecraft:oak_planks":4,"minecraft:diamond_sword":1,"sophisticatedbackpacks:backpack":1,"minecraft:cooked_porkchop":6,"minecraft:crafting_table":5,"minecraft:spruce_planks":40,"minecraft:wooden_pickaxe":1,"minecraft:iron_helmet":1,"minecraft:spruce_door":3,"minecraft:furnace":2,"minecraft:bucket":4,"alexscaves:cave_map":1,"minecraft:air":0,"minecraft:iron_boots":1,"minecraft:shield":1,"minecraft:stick":12,"minecraft:iron_ingot":28,"minecraft:stone_pickaxe":1,"minecraft:stone_sword":1,"minecraft:chest":1,"minecraft:iron_leggings":1,"minecraft:torch":12},"minecraft:dropped":{"tombstone:grave_key":1,"minecraft:splash_potion":1},"minecraft:killed_by":{"minecraft:zombie":1}},"DataVersion":3465}