{"stats":{"minecraft:mined":{"minecraft:birch_log":12,"minecraft:grass":1},"minecraft:crafted":{"minecraft:birch_planks":48,"minecraft:crafting_table":1,"minecraft:stick":2,"minecraft:birch_button":28},"minecraft:dropped":{"minecraft:birch_button":28},"minecraft:picked_up":{"twigs:twig":1,"minecraft:birch_sapling":3,"minecraft:birch_log":12},"minecraft:custom":{"minecraft:jump":49,"minecraft:time_since_rest":3338,"minecraft:leave_game":1,"minecraft:sprint_one_cm":3832,"minecraft:play_time":3338,"minecraft:time_since_death":3338,"minecraft:walk_one_cm":5445,"minecraft:total_world_time":3338,"minecraft:drop":1,"minecraft:fall_one_cm":2717,"minecraft:fly_one_cm":11123}},"DataVersion":3465}