{"stats":{"minecraft:mined":{"minecraft:crafting_table":2,"minecraft:emerald_ore":1,"minecraft:wall_torch":1,"minecraft:large_fern":1,"minecraft:hay_block":13,"minecraft:furnace":1,"minecraft:birch_log":18,"minecraft:iron_ore":41,"minecraft:birch_leaves":1,"minecraft:grass":6,"minecraft:coal_ore":21,"minecraft:azalea_leaves":1,"minecraft:stone":39},"minecraft:crafted":{"minecraft:crafting_table":2,"minecraft:wooden_pickaxe":1,"minecraft:iron_sword":1,"minecraft:furnace":1,"minecraft:birch_planks":72,"minecraft:bread":39,"minecraft:air":0,"minecraft:iron_boots":1,"minecraft:stick":6,"minecraft:iron_ingot":12,"minecraft:iron_pickaxe":1,"minecraft:stone_pickaxe":1,"minecraft:birch_button":28,"minecraft:torch":8,"minecraft:wheat":117},"minecraft:dropped":{"minecraft:bread":9,"minecraft:iron_sword":2,"minecraft:wheat_seeds":3,"minecraft:birch_sapling":3,"minecraft:raw_iron":15,"minecraft:rotten_flesh":1,"minecraft:spider_eye":2,"minecraft:birch_button":28,"minecraft:bow":1,"minecraft:wooden_pickaxe":1,"minecraft:pink_petals":10,"minecraft:pink_tulip":1},"minecraft:killed":{"minecraft:spider":5,"minecraft:skeleton":3,"minecraft:zombie":6},"minecraft:used":{"minecraft:trident":1,"minecraft:birch_planks":2,"minecraft:stone_pickaxe":45,"minecraft:wooden_pickaxe":9,"minecraft:iron_sword":59,"minecraft:torch":4,"minecraft:crafting_table":4,"minecraft:carrot":10,"minecraft:apple":11,"minecraft:bread":19,"minecraft:iron_pickaxe":61,"minecraft:cobblestone":1,"minecraft:bow":3,"minecraft:furnace":1},"minecraft:picked_up":{"minecraft:birch_log":18,"minecraft:pink_petals":20,"minecraft:wheat":1,"minecraft:crafting_table":2,"minecraft:string":6,"minecraft:lantern":1,"minecraft:bone":5,"minecraft:apple":1,"minecraft:bow":1,"minecraft:wheat_seeds":18,"twigs:twig":1,"minecraft:birch_sapling":6,"minecraft:iron_boots":1,"minecraft:furnace":1,"minecraft:raw_iron":41,"apotheosis:gem":1,"minecraft:torch":1,"minecraft:trident":1,"minecraft:carrot":2,"minecraft:spider_eye":2,"minecraft:arrow":1,"minecraft:rotten_flesh":6,"minecraft:hay_block":13,"minecraft:pink_tulip":1,"minecraft:emerald":1,"tombstone:magic_scroll":1,"minecraft:coal":38,"minecraft:cobblestone":38},"minecraft:custom":{"lootr:looted_stat":19,"minecraft:interact_with_furnace":11,"minecraft:mob_kills":17,"minecraft:interact_with_crafting_table":12,"minecraft:open_barrel":1,"minecraft:damage_dealt_resisted":0,"minecraft:leave_game":2,"minecraft:time_since_death":56358,"minecraft:sleep_in_bed":1,"minecraft:climb_one_cm":36,"minecraft:damage_resisted":0,"minecraft:time_since_rest":37437,"minecraft:waystone_activated":2,"minecraft:sprint_one_cm":163177,"minecraft:damage_taken":1097,"minecraft:walk_one_cm":91950,"minecraft:drop":21,"minecraft:damage_dealt":2718,"minecraft:fly_one_cm":352570,"minecraft:crouch_one_cm":2055,"minecraft:play_time":56358,"tombstone:undead_killed":9,"minecraft:sneak_time":840,"minecraft:jump":1369,"minecraft:walk_on_water_one_cm":366,"minecraft:total_world_time":56358,"minecraft:fall_one_cm":47909}},"DataVersion":3465}