{"stats":{"minecraft:killed":{"minecraft:spider":4,"minecraft:skeleton":6,"trials:bogged":2,"artifacts:mimic":1,"minecraft:pig":7,"minecraft:sheep":4,"minecraft:zombie":7,"minecraft:cow":4},"minecraft:mined":{"alexscaves:spelunkery_table":1,"minecraft:tuff":6,"minecraft:deepslate_diamond_ore":54,"trials:tuff_bricks":1,"minecraft:cherry_log":5,"minecraft:brewing_stand":1,"minecraft:coal_block":5,"minecraft:furnace":10,"minecraft:cobbled_deepslate":4,"minecraft:iron_ore":61,"minecraft:fire":2,"minecraft:andesite":11,"minecraft:deepslate_iron_ore":58,"minecraft:dirt_path":1,"minecraft:iron_bars":4,"minecraft:stone":24,"minecraft:deepslate_redstone_ore":3,"minecraft:oak_slab":1,"minecraft:blackstone":3,"minecraft:spruce_door":1,"minecraft:crafting_table":6,"minecraft:oak_fence":1,"minecraft:clay":1,"minecraft:torch":1,"minecraft:calcite":2,"minecraft:blast_furnace":2,"minecraft:deepslate_gold_ore":25,"minecraft:wall_torch":2,"minecraft:spruce_log":9,"minecraft:tnt":2,"trials:polished_tuff":1,"minecraft:yellow_bed":1,"minecraft:grass":2,"minecraft:coal_ore":24,"minecraft:oak_log":1,"minecraft:dripstone_block":1,"minecraft:cobweb":18,"minecraft:smooth_basalt":4,"minecraft:stone_bricks":4,"minecraft:gold_ore":3,"minecraft:deepslate":70},"minecraft:used":{"minecraft:iron_bars":4,"minecraft:stone_sword":72,"minecraft:spruce_planks":6,"minecraft:shield":1,"minecraft:cooked_salmon":2,"minecraft:rotten_flesh":4,"minecraft:torch":6,"minecraft:dirt":1,"minecraft:lava_bucket":3,"minecraft:furnace":9,"minecraft:cooked_beef":15,"minecraft:cobbled_deepslate":24,"minecraft:cooked_mutton":3,"minecraft:water_bucket":3,"minecraft:spruce_door":1,"minecraft:stone_pickaxe":60,"minecraft:wooden_pickaxe":3,"minecraft:diamond_axe":9,"minecraft:oak_slab":1,"minecraft:crafting_table":11,"alexscaves:cave_book":2,"minecraft:blast_furnace":1,"minecraft:dripstone_block":1,"minecraft:iron_pickaxe":346,"minecraft:diamond_sword":43,"minecraft:cobblestone":2,"minecraft:cooked_porkchop":10,"minecraft:bucket":11,"minecraft:andesite":1},"minecraft:picked_up":{"minecraft:crafting_table":6,"minecraft:clay_ball":4,"alexscaves:cave_tablet":1,"minecraft:potion":1,"minecraft:brewing_stand":1,"minecraft:string":21,"minecraft:cooked_salmon":2,"minecraft:blackstone":3,"minecraft:cobbled_deepslate":74,"minecraft:beef":7,"trials:tuff_bricks":1,"minecraft:iron_pickaxe":1,"minecraft:coal_block":5,"minecraft:furnace":10,"minecraft:tipped_arrow":1,"minecraft:raw_iron":159,"minecraft:big_dripleaf":2,"minecraft:oak_fence":1,"minecraft:torch":4,"minecraft:porkchop":15,"minecraft:cherry_log":5,"tombstone:grave_dust":2,"minecraft:redstone":13,"minecraft:tnt":2,"minecraft:rotten_flesh":7,"minecraft:arrow":10,"minecraft:tropical_fish":1,"alexscaves:spelunkery_table":1,"minecraft:mutton":6,"minecraft:iron_bars":4,"minecraft:white_wool":4,"minecraft:cobblestone":23,"minecraft:cooked_beef":5,"minecraft:andesite":8,"minecraft:leather":4,"minecraft:tuff":6,"minecraft:oak_log":1,"minecraft:yellow_bed":1,"minecraft:paper":1,"minecraft:dirt":1,"minecraft:cooked_mutton":6,"minecraft:bone":6,"minecraft:stone_bricks":2,"minecraft:bow":1,"minecraft:raw_gold":28,"minecraft:iron_ingot":10,"minecraft:oak_slab":1,"minecraft:smooth_basalt":4,"minecraft:cooked_porkchop":7,"minecraft:dripstone_block":1,"minecraft:blast_furnace":2,"minecraft:spruce_log":9,"minecraft:spruce_door":1,"trials:polished_tuff":1,"artifacts:plastic_drinking_hat":1,"minecraft:diamond":54,"minecraft:coal":98},"minecraft:custom":{"minecraft:mob_kills":37,"minecraft:interact_with_crafting_table":18,"minecraft:open_barrel":14,"minecraft:leave_game":6,"minecraft:time_since_death":76945,"minecraft:climb_one_cm":3788,"minecraft:sprint_one_cm":230264,"minecraft:walk_one_cm":147336,"minecraft:damage_blocked_by_shield":45,"minecraft:drop":9,"minecraft:play_time":116261,"minecraft:deaths":3,"minecraft:sneak_time":6550,"minecraft:walk_under_water_one_cm":17444,"minecraft:jump":2040,"minecraft:interact_with_brewingstand":1,"minecraft:interact_with_blast_furnace":4,"minecraft:walk_on_water_one_cm":19799,"minecraft:total_world_time":116261,"minecraft:interact_with_furnace":23,"minecraft:interact_with_loom":7,"minecraft:time_since_rest":75277,"minecraft:waystone_activated":1,"minecraft:damage_taken":3556,"minecraft:damage_dealt":5659,"minecraft:swim_one_cm":33784,"minecraft:fly_one_cm":879899,"minecraft:open_chest":14,"minecraft:crouch_one_cm":14026,"tombstone:undead_killed":15,"minecraft:fall_one_cm":144184},"minecraft:broken":{"minecraft:iron_pickaxe":1},"minecraft:crafted":{"minecraft:cherry_planks":20,"minecraft:oak_planks":4,"minecraft:furnace":2,"alexscaves:cave_map":2,"minecraft:iron_boots":1,"minecraft:stone_pickaxe":1,"minecraft:chest":1,"minecraft:diamond_sword":1,"sophisticatedbackpacks:backpack":1,"minecraft:cooked_porkchop":8,"minecraft:crafting_table":6,"minecraft:spruce_planks":40,"minecraft:wooden_pickaxe":1,"minecraft:iron_helmet":1,"minecraft:spruce_door":3,"minecraft:bucket":5,"minecraft:air":0,"minecraft:shield":1,"minecraft:stick":12,"minecraft:iron_ingot":28,"minecraft:stone_sword":1,"minecraft:iron_leggings":1,"minecraft:torch":12},"minecraft:killed_by":{"minecraft:zombie":1},"minecraft:dropped":{"tombstone:grave_key":1,"minecraft:string":1,"minecraft:smooth_basalt":4,"minecraft:bone":2,"tombstone:gift":1,"minecraft:clay_ball":4,"minecraft:big_dripleaf":2,"minecraft:tipped_arrow":1,"minecraft:splash_potion":1}},"DataVersion":3465}