{"stats":{"minecraft:killed":{"minecraft:pig":4,"minecraft:spider":3,"minecraft:skeleton":6,"minecraft:zombie":7,"trials:bogged":2,"minecraft:cow":3},"minecraft:mined":{"minecraft:deepslate_redstone_ore":3,"minecraft:oak_slab":1,"minecraft:tuff":6,"minecraft:blackstone":3,"minecraft:deepslate_diamond_ore":36,"trials:tuff_bricks":1,"minecraft:cherry_log":5,"minecraft:spruce_door":1,"minecraft:oak_fence":1,"minecraft:crafting_table":4,"minecraft:blast_furnace":1,"minecraft:coal_block":5,"minecraft:deepslate_gold_ore":6,"minecraft:wall_torch":2,"minecraft:furnace":7,"minecraft:iron_ore":47,"minecraft:fire":2,"minecraft:cobbled_deepslate":4,"minecraft:spruce_log":9,"minecraft:andesite":2,"minecraft:tnt":1,"trials:polished_tuff":1,"minecraft:yellow_bed":1,"minecraft:grass":2,"minecraft:oak_log":1,"minecraft:coal_ore":24,"minecraft:deepslate_iron_ore":26,"minecraft:dirt_path":1,"minecraft:iron_bars":4,"minecraft:dripstone_block":1,"minecraft:cobweb":18,"minecraft:smooth_basalt":4,"minecraft:stone":23,"minecraft:deepslate":65},"minecraft:used":{"minecraft:water_bucket":2,"minecraft:stone_sword":72,"minecraft:iron_bars":4,"minecraft:spruce_door":1,"minecraft:stone_pickaxe":60,"minecraft:spruce_planks":6,"minecraft:wooden_pickaxe":3,"minecraft:shield":1,"minecraft:cooked_salmon":2,"minecraft:diamond_axe":6,"minecraft:rotten_flesh":4,"minecraft:torch":4,"minecraft:dirt":1,"minecraft:oak_slab":1,"minecraft:crafting_table":8,"minecraft:dripstone_block":1,"minecraft:lava_bucket":1,"minecraft:iron_pickaxe":234,"minecraft:diamond_sword":21,"minecraft:cobblestone":2,"minecraft:furnace":6,"minecraft:cooked_porkchop":8,"minecraft:andesite":1,"minecraft:bucket":4,"minecraft:cooked_beef":8,"minecraft:cobbled_deepslate":24},"minecraft:picked_up":{"minecraft:crafting_table":4,"minecraft:cooked_beef":5,"minecraft:andesite":2,"minecraft:leather":2,"alexscaves:cave_tablet":1,"minecraft:tuff":6,"minecraft:oak_log":1,"minecraft:yellow_bed":1,"minecraft:dirt":1,"minecraft:string":21,"minecraft:paper":1,"minecraft:cooked_salmon":2,"minecraft:bone":6,"minecraft:blackstone":3,"minecraft:bow":1,"minecraft:cobbled_deepslate":69,"minecraft:raw_gold":6,"minecraft:iron_ingot":7,"trials:tuff_bricks":1,"minecraft:beef":5,"minecraft:iron_pickaxe":1,"minecraft:coal_block":5,"minecraft:furnace":7,"minecraft:tipped_arrow":1,"minecraft:oak_slab":1,"minecraft:raw_iron":113,"minecraft:smooth_basalt":4,"minecraft:cooked_porkchop":2,"minecraft:oak_fence":1,"minecraft:torch":2,"minecraft:dripstone_block":1,"minecraft:porkchop":8,"minecraft:cherry_log":5,"tombstone:grave_dust":2,"minecraft:blast_furnace":1,"minecraft:spruce_log":9,"minecraft:redstone":13,"trials:polished_tuff":1,"minecraft:spruce_door":1,"minecraft:tnt":1,"minecraft:arrow":10,"minecraft:rotten_flesh":7,"minecraft:diamond":36,"minecraft:iron_bars":4,"minecraft:coal":62,"minecraft:cobblestone":23},"minecraft:custom":{"minecraft:interact_with_furnace":16,"minecraft:mob_kills":27,"minecraft:interact_with_crafting_table":12,"minecraft:open_barrel":13,"minecraft:interact_with_loom":4,"minecraft:leave_game":5,"minecraft:time_since_death":40696,"minecraft:climb_one_cm":1143,"minecraft:time_since_rest":39028,"minecraft:waystone_activated":1,"minecraft:sprint_one_cm":168337,"minecraft:damage_taken":2590,"minecraft:walk_one_cm":112259,"minecraft:damage_blocked_by_shield":45,"minecraft:drop":2,"minecraft:damage_dealt":4209,"minecraft:swim_one_cm":33784,"minecraft:fly_one_cm":344373,"minecraft:open_chest":9,"minecraft:play_time":80012,"minecraft:crouch_one_cm":9978,"minecraft:sneak_time":4193,"tombstone:undead_killed":15,"minecraft:deaths":3,"minecraft:walk_under_water_one_cm":17211,"minecraft:jump":1352,"minecraft:walk_on_water_one_cm":17237,"minecraft:total_world_time":80012,"minecraft:fall_one_cm":63212},"minecraft:crafted":{"minecraft:cherry_planks":20,"minecraft:oak_planks":4,"minecraft:diamond_sword":1,"sophisticatedbackpacks:backpack":1,"minecraft:cooked_porkchop":6,"minecraft:crafting_table":4,"minecraft:spruce_planks":40,"minecraft:wooden_pickaxe":1,"minecraft:iron_helmet":1,"minecraft:spruce_door":3,"minecraft:furnace":2,"minecraft:bucket":1,"alexscaves:cave_map":1,"minecraft:air":0,"minecraft:iron_boots":1,"minecraft:shield":1,"minecraft:stick":12,"minecraft:iron_ingot":21,"minecraft:stone_pickaxe":1,"minecraft:stone_sword":1,"minecraft:chest":1,"minecraft:iron_leggings":1,"minecraft:torch":12},"minecraft:dropped":{"tombstone:grave_key":1,"minecraft:splash_potion":1},"minecraft:killed_by":{"minecraft:zombie":1}},"DataVersion":3465}