{"stats":{"minecraft:killed":{"alexscaves:brainiac":5,"minecraft:spider":8,"alexscaves:nucleeper":4,"minecraft:phantom":2,"minecraft:skeleton":15,"alexscaves:radgill":7,"trials:bogged":2,"artifacts:mimic":2,"minecraft:pig":10,"alexscaves:gammaroach":2,"minecraft:creeper":5,"minecraft:sheep":12,"minecraft:zombie":25,"minecraft:cow":8},"minecraft:mined":{"alexscaves:spelunkery_table":1,"minecraft:tuff":6,"alexscaves:acidic_radrock":1,"minecraft:white_bed":1,"minecraft:deepslate_diamond_ore":54,"alexscaves:radrock":91,"trials:tuff_bricks":1,"minecraft:cherry_log":69,"minecraft:brewing_stand":1,"minecraft:grass_block":294,"alexscaves:sulfur_cluster":5,"minecraft:white_stained_glass":1,"alexscaves:sulfur":18,"minecraft:coal_block":5,"minecraft:orange_concrete":2,"minecraft:hay_block":10,"alexscaves:radrock_uranium_ore":15,"minecraft:furnace":14,"minecraft:iron_ore":61,"minecraft:cobbled_deepslate":11,"minecraft:fire":2,"minecraft:andesite":18,"minecraft:green_stained_glass":1,"minecraft:gold_block":1,"minecraft:bookshelf":3,"minecraft:potatoes":5,"minecraft:deepslate_iron_ore":58,"minecraft:dirt_path":1,"minecraft:iron_bars":4,"minecraft:stone":28,"alexscaves:sulfur_bud_large":1,"minecraft:deepslate_redstone_ore":3,"minecraft:oak_slab":1,"minecraft:blackstone":3,"minecraft:spruce_door":1,"minecraft:oak_fence":1,"minecraft:crafting_table":11,"minecraft:clay":1,"minecraft:torch":13,"minecraft:blast_furnace":2,"minecraft:calcite":2,"minecraft:chest":1,"alexscaves:sulfur_bud_small":1,"minecraft:tall_grass":3,"minecraft:deepslate_gold_ore":25,"minecraft:wall_torch":4,"minecraft:pink_petals":10,"minecraft:spruce_log":9,"alexscaves:waste_drum":3,"minecraft:tnt":2,"trials:polished_tuff":1,"minecraft:yellow_bed":1,"minecraft:grass":9,"minecraft:oak_log":1,"minecraft:coal_ore":45,"minecraft:cherry_leaves":6,"minecraft:sand":7,"minecraft:dripstone_block":1,"minecraft:dirt":145,"minecraft:cobweb":18,"alexscaves:unrefined_waste":7,"minecraft:smooth_basalt":4,"minecraft:stone_bricks":4,"minecraft:gold_ore":3,"minecraft:deepslate":70},"minecraft:picked_up":{"alexscaves:waste_drum":6,"minecraft:iron_chestplate":1,"minecraft:crafting_table":10,"alexscaves:radgill":3,"minecraft:clay_ball":4,"artifacts:umbrella":1,"alexscaves:unrefined_waste":7,"alexscaves:cave_tablet":1,"minecraft:gold_block":1,"minecraft:potion":1,"minecraft:brewing_stand":1,"minecraft:string":23,"minecraft:orange_concrete":1,"minecraft:cooked_salmon":2,"minecraft:iron_leggings":1,"alexscaves:acidic_radrock":1,"minecraft:blackstone":3,"minecraft:cherry_boat":2,"minecraft:cobbled_deepslate":83,"minecraft:beef":14,"trials:tuff_bricks":1,"minecraft:iron_pickaxe":1,"minecraft:light_gray_wool":1,"minecraft:chest":1,"minecraft:coal_block":5,"minecraft:iron_boots":1,"minecraft:phantom_membrane":1,"minecraft:furnace":14,"minecraft:stick":2,"minecraft:tipped_arrow":1,"minecraft:raw_iron":159,"minecraft:big_dripleaf":2,"minecraft:oak_fence":1,"minecraft:torch":23,"minecraft:porkchop":21,"minecraft:cherry_log":71,"tombstone:grave_dust":6,"minecraft:redstone":13,"minecraft:tnt":2,"minecraft:rotten_flesh":20,"minecraft:arrow":14,"minecraft:tropical_fish":1,"minecraft:hay_block":10,"alexscaves:spelunkery_table":1,"minecraft:pink_tulip":2,"minecraft:mutton":16,"minecraft:iron_bars":4,"minecraft:white_wool":11,"minecraft:cobblestone":27,"minecraft:pink_petals":72,"minecraft:cooked_beef":5,"minecraft:cherry_planks":1,"alexscaves:sulfur_dust":56,"minecraft:andesite":16,"minecraft:leather":8,"minecraft:potato":16,"minecraft:tuff":6,"minecraft:oak_log":1,"alexscaves:charred_remnant":3,"minecraft:yellow_bed":1,"minecraft:gunpowder":6,"minecraft:paper":1,"minecraft:dirt":380,"minecraft:cooked_mutton":16,"minecraft:glass":1,"minecraft:bone":10,"minecraft:stone_bricks":2,"minecraft:bow":2,"alexscaves:toxic_paste":8,"minecraft:wheat_seeds":3,"alexscaves:green_soylent":2,"minecraft:raw_gold":28,"alexscaves:radrock":49,"minecraft:iron_ingot":16,"minecraft:bamboo":3,"minecraft:book":5,"minecraft:oak_slab":1,"minecraft:smooth_basalt":4,"minecraft:cooked_porkchop":7,"alexscaves:fissile_core":1,"minecraft:dripstone_block":1,"alexscaves:uranium":30,"minecraft:sand":6,"minecraft:blast_furnace":2,"minecraft:white_bed":1,"minecraft:spruce_log":9,"minecraft:spruce_door":4,"trials:polished_tuff":2,"alexscaves:radon_bottle":1,"alexscaves:uranium_rod":2,"artifacts:plastic_drinking_hat":1,"minecraft:bundle":1,"minecraft:diamond":54,"waystones:waystone":1,"minecraft:iron_helmet":1,"minecraft:cherry_sapling":26,"tombstone:magic_scroll":2,"minecraft:coal":133},"minecraft:used":{"minecraft:cherry_boat":4,"minecraft:stone_sword":72,"minecraft:iron_bars":4,"minecraft:orange_concrete":1,"minecraft:chest":5,"minecraft:spruce_planks":6,"minecraft:shield":1,"minecraft:cooked_salmon":2,"minecraft:rotten_flesh":4,"minecraft:torch":65,"minecraft:dirt":125,"minecraft:iron_hoe":12,"minecraft:lava_bucket":3,"minecraft:furnace":14,"minecraft:potato":7,"minecraft:cooked_beef":64,"minecraft:cobbled_deepslate":63,"minecraft:cherry_log":4,"minecraft:cooked_mutton":16,"minecraft:water_bucket":11,"minecraft:spruce_door":1,"minecraft:stone_pickaxe":60,"minecraft:baked_potato":10,"minecraft:wooden_pickaxe":3,"minecraft:diamond_axe":98,"minecraft:oak_slab":1,"minecraft:crafting_table":18,"alexscaves:cave_book":3,"minecraft:blast_furnace":2,"minecraft:white_bed":2,"minecraft:dripstone_block":1,"minecraft:smoker":1,"waystones:waystone":1,"alexscaves:radgill_bucket":3,"minecraft:diamond_shovel":446,"minecraft:iron_pickaxe":505,"minecraft:diamond_sword":186,"minecraft:cobblestone":6,"minecraft:cooked_porkchop":21,"minecraft:andesite":1,"minecraft:bucket":22,"alexscaves:radrock":46,"minecraft:golden_pickaxe":32,"minecraft:bone_meal":12},"minecraft:custom":{"minecraft:mob_kills":109,"minecraft:interact_with_crafting_table":39,"minecraft:open_barrel":26,"minecraft:damage_dealt_resisted":26,"minecraft:leave_game":7,"minecraft:time_since_death":44303,"minecraft:climb_one_cm":6260,"minecraft:sprint_one_cm":526416,"minecraft:walk_one_cm":477539,"minecraft:damage_blocked_by_shield":45,"minecraft:drop":55,"minecraft:damage_dealt_absorbed":66,"minecraft:play_time":290043,"minecraft:deaths":4,"minecraft:sneak_time":13331,"minecraft:walk_under_water_one_cm":56773,"minecraft:boat_one_cm":277288,"minecraft:jump":5243,"minecraft:interact_with_brewingstand":1,"minecraft:interact_with_blast_furnace":7,"minecraft:walk_on_water_one_cm":57771,"minecraft:total_world_time":290043,"minecraft:interact_with_furnace":55,"tombstone:raider_killed":2,"minecraft:interact_with_loom":7,"minecraft:sleep_in_bed":1,"minecraft:time_since_rest":43622,"minecraft:waystone_activated":4,"minecraft:damage_taken":10033,"minecraft:damage_dealt":14097,"minecraft:swim_one_cm":117039,"minecraft:fly_one_cm":2381058,"minecraft:open_chest":35,"minecraft:crouch_one_cm":26075,"tombstone:undead_killed":49,"minecraft:interact_with_smoker":6,"minecraft:fall_one_cm":384081},"minecraft:broken":{"minecraft:iron_boots":1,"minecraft:iron_leggings":1,"minecraft:iron_pickaxe":2,"minecraft:iron_helmet":2,"minecraft:golden_pickaxe":1},"minecraft:crafted":{"minecraft:cherry_planks":124,"minecraft:oak_planks":4,"alexscaves:polymer_plate":20,"minecraft:coal":36,"minecraft:cherry_wood":6,"minecraft:furnace":4,"minecraft:cherry_boat":2,"minecraft:bone_meal":12,"minecraft:diamond_shovel":2,"alexscaves:cave_map":2,"alexscaves:hazmat_mask":1,"minecraft:glass":5,"minecraft:iron_boots":1,"minecraft:iron_hoe":1,"minecraft:stone_pickaxe":1,"minecraft:chest":5,"minecraft:smoker":1,"minecraft:cooked_beef":8,"minecraft:glass_bottle":6,"minecraft:diamond_sword":1,"sophisticatedbackpacks:backpack":1,"minecraft:cooked_porkchop":14,"minecraft:crafting_table":9,"minecraft:spruce_planks":40,"minecraft:baked_potato":10,"minecraft:wooden_pickaxe":1,"minecraft:iron_helmet":1,"alexscaves:hazmat_chestplate":1,"minecraft:spruce_door":3,"alexscaves:raygun":1,"minecraft:bucket":6,"minecraft:air":0,"minecraft:shield":1,"minecraft:stick":36,"minecraft:iron_ingot":32,"minecraft:stone_sword":1,"minecraft:iron_leggings":1,"minecraft:white_bed":1,"minecraft:torch":68},"minecraft:killed_by":{"minecraft:zombie":1},"minecraft:dropped":{"minecraft:wheat_seeds":3,"minecraft:cherry_log":2,"minecraft:crafting_table":1,"minecraft:poisonous_potato":1,"alexscaves:uranium_rod":2,"alexscaves:hazmat_mask":1,"minecraft:leather":1,"minecraft:spruce_door":3,"minecraft:tropical_fish":1,"minecraft:coal":1,"minecraft:stick":7,"minecraft:dirt":137,"minecraft:torch":8,"tombstone:grave_key":1,"minecraft:cherry_planks":1,"minecraft:potion":1,"minecraft:string":1,"minecraft:pink_petals":5,"minecraft:pink_tulip":1,"minecraft:smooth_basalt":4,"minecraft:bone":2,"minecraft:furnace":1,"trials:tuff_bricks":1,"alexscaves:uranium":15,"minecraft:cobbled_deepslate":2,"alexscaves:polymer_plate":3,"minecraft:stone_sword":1,"alexscaves:radrock":1,"minecraft:tuff":6,"tombstone:gift":1,"minecraft:cherry_sapling":26,"minecraft:rotten_flesh":4,"minecraft:clay_ball":4,"alexscaves:radon_bottle":1,"minecraft:big_dripleaf":2,"alexscaves:radgill":2,"minecraft:tipped_arrow":1,"minecraft:gunpowder":2,"minecraft:spruce_planks":1,"trials:polished_tuff":2,"minecraft:iron_chestplate":1,"minecraft:bamboo":3,"minecraft:stone_bricks":2,"minecraft:splash_potion":1}},"DataVersion":3465}