{"stats":{"minecraft:killed":{"minecraft:spider":6,"minecraft:phantom":2,"minecraft:skeleton":8,"trials:bogged":2,"artifacts:mimic":2,"minecraft:pig":10,"minecraft:creeper":2,"minecraft:sheep":12,"minecraft:zombie":13,"minecraft:cow":8},"minecraft:mined":{"alexscaves:spelunkery_table":1,"minecraft:tuff":6,"alexscaves:acidic_radrock":1,"minecraft:white_bed":1,"minecraft:deepslate_diamond_ore":54,"alexscaves:radrock":48,"trials:tuff_bricks":1,"minecraft:cherry_log":69,"minecraft:brewing_stand":1,"minecraft:grass_block":294,"minecraft:coal_block":5,"minecraft:hay_block":10,"alexscaves:radrock_uranium_ore":15,"minecraft:furnace":13,"minecraft:iron_ore":61,"minecraft:cobbled_deepslate":5,"minecraft:fire":2,"minecraft:andesite":18,"minecraft:gold_block":1,"minecraft:bookshelf":3,"minecraft:potatoes":5,"minecraft:deepslate_iron_ore":58,"minecraft:dirt_path":1,"minecraft:iron_bars":4,"minecraft:stone":28,"minecraft:deepslate_redstone_ore":3,"minecraft:oak_slab":1,"minecraft:blackstone":3,"minecraft:spruce_door":1,"minecraft:oak_fence":1,"minecraft:crafting_table":11,"minecraft:clay":1,"minecraft:torch":9,"minecraft:blast_furnace":2,"minecraft:calcite":2,"minecraft:chest":1,"minecraft:tall_grass":3,"minecraft:deepslate_gold_ore":25,"minecraft:wall_torch":2,"minecraft:pink_petals":10,"minecraft:spruce_log":9,"minecraft:tnt":2,"trials:polished_tuff":1,"minecraft:yellow_bed":1,"minecraft:grass":9,"minecraft:oak_log":1,"minecraft:coal_ore":45,"minecraft:cherry_leaves":6,"minecraft:sand":7,"minecraft:dripstone_block":1,"minecraft:dirt":145,"minecraft:cobweb":18,"minecraft:smooth_basalt":4,"minecraft:stone_bricks":4,"minecraft:gold_ore":3,"minecraft:deepslate":70},"minecraft:picked_up":{"minecraft:iron_chestplate":1,"minecraft:crafting_table":10,"minecraft:clay_ball":4,"artifacts:umbrella":1,"alexscaves:cave_tablet":1,"minecraft:gold_block":1,"minecraft:potion":1,"minecraft:brewing_stand":1,"minecraft:string":22,"minecraft:cooked_salmon":2,"minecraft:iron_leggings":1,"alexscaves:acidic_radrock":1,"minecraft:blackstone":3,"minecraft:cherry_boat":2,"minecraft:cobbled_deepslate":75,"minecraft:beef":14,"trials:tuff_bricks":1,"minecraft:iron_pickaxe":1,"minecraft:light_gray_wool":1,"minecraft:chest":1,"minecraft:coal_block":5,"minecraft:iron_boots":1,"minecraft:phantom_membrane":1,"minecraft:furnace":13,"minecraft:stick":2,"minecraft:tipped_arrow":1,"minecraft:raw_iron":159,"minecraft:big_dripleaf":2,"minecraft:oak_fence":1,"minecraft:torch":15,"minecraft:porkchop":21,"minecraft:cherry_log":71,"tombstone:grave_dust":4,"minecraft:redstone":13,"minecraft:tnt":2,"minecraft:rotten_flesh":11,"minecraft:arrow":11,"minecraft:tropical_fish":1,"minecraft:hay_block":10,"alexscaves:spelunkery_table":1,"minecraft:pink_tulip":2,"minecraft:mutton":16,"minecraft:iron_bars":4,"minecraft:white_wool":11,"minecraft:cobblestone":27,"minecraft:pink_petals":72,"minecraft:cooked_beef":5,"minecraft:cherry_planks":1,"minecraft:andesite":16,"minecraft:leather":8,"minecraft:potato":16,"minecraft:tuff":6,"minecraft:oak_log":1,"minecraft:yellow_bed":1,"minecraft:gunpowder":4,"minecraft:paper":1,"minecraft:dirt":380,"minecraft:cooked_mutton":16,"minecraft:glass":1,"minecraft:bone":7,"minecraft:stone_bricks":2,"minecraft:bow":1,"minecraft:wheat_seeds":3,"minecraft:raw_gold":28,"alexscaves:radrock":8,"minecraft:iron_ingot":10,"minecraft:bamboo":3,"minecraft:book":5,"minecraft:oak_slab":1,"minecraft:smooth_basalt":4,"minecraft:cooked_porkchop":7,"minecraft:dripstone_block":1,"alexscaves:uranium":30,"minecraft:sand":6,"minecraft:blast_furnace":2,"minecraft:white_bed":1,"minecraft:spruce_log":9,"minecraft:spruce_door":4,"trials:polished_tuff":2,"alexscaves:radon_bottle":1,"alexscaves:uranium_rod":2,"artifacts:plastic_drinking_hat":1,"minecraft:bundle":1,"minecraft:diamond":54,"waystones:waystone":1,"minecraft:iron_helmet":1,"minecraft:cherry_sapling":26,"minecraft:coal":121},"minecraft:used":{"minecraft:cherry_boat":3,"minecraft:stone_sword":72,"minecraft:iron_bars":4,"minecraft:chest":5,"minecraft:spruce_planks":6,"minecraft:shield":1,"minecraft:cooked_salmon":2,"minecraft:rotten_flesh":4,"minecraft:torch":51,"minecraft:dirt":125,"minecraft:iron_hoe":12,"minecraft:lava_bucket":3,"minecraft:furnace":13,"minecraft:potato":7,"minecraft:cooked_beef":17,"minecraft:cobbled_deepslate":36,"minecraft:cherry_log":4,"minecraft:cooked_mutton":16,"minecraft:water_bucket":11,"minecraft:spruce_door":1,"minecraft:stone_pickaxe":60,"minecraft:baked_potato":10,"minecraft:wooden_pickaxe":3,"minecraft:diamond_axe":98,"minecraft:oak_slab":1,"minecraft:crafting_table":16,"alexscaves:cave_book":3,"minecraft:blast_furnace":2,"minecraft:white_bed":2,"minecraft:dripstone_block":1,"minecraft:smoker":1,"waystones:waystone":1,"minecraft:diamond_shovel":446,"minecraft:iron_pickaxe":450,"minecraft:diamond_sword":117,"minecraft:cobblestone":6,"minecraft:cooked_porkchop":19,"minecraft:andesite":1,"minecraft:bucket":18,"alexscaves:radrock":7,"minecraft:bone_meal":12},"minecraft:custom":{"minecraft:mob_kills":67,"minecraft:interact_with_crafting_table":31,"minecraft:open_barrel":18,"minecraft:leave_game":7,"minecraft:time_since_death":190727,"minecraft:climb_one_cm":3988,"minecraft:sprint_one_cm":443484,"minecraft:walk_one_cm":340956,"minecraft:damage_blocked_by_shield":45,"minecraft:drop":49,"minecraft:play_time":230043,"minecraft:deaths":3,"minecraft:sneak_time":10622,"minecraft:walk_under_water_one_cm":53737,"minecraft:boat_one_cm":277288,"minecraft:jump":4223,"minecraft:interact_with_brewingstand":1,"minecraft:interact_with_blast_furnace":7,"minecraft:walk_on_water_one_cm":41979,"minecraft:total_world_time":230043,"minecraft:interact_with_furnace":50,"tombstone:raider_killed":2,"minecraft:interact_with_loom":7,"minecraft:sleep_in_bed":1,"minecraft:time_since_rest":68560,"minecraft:waystone_activated":4,"minecraft:damage_taken":5536,"minecraft:damage_dealt":10282,"minecraft:swim_one_cm":88621,"minecraft:fly_one_cm":1958983,"minecraft:open_chest":35,"minecraft:crouch_one_cm":19694,"tombstone:undead_killed":25,"minecraft:interact_with_smoker":6,"minecraft:fall_one_cm":315151},"minecraft:broken":{"minecraft:iron_boots":1,"minecraft:iron_leggings":1,"minecraft:iron_pickaxe":1,"minecraft:iron_helmet":1},"minecraft:crafted":{"minecraft:cherry_planks":124,"minecraft:oak_planks":4,"minecraft:coal":36,"minecraft:cherry_wood":6,"minecraft:furnace":4,"minecraft:cherry_boat":2,"minecraft:bone_meal":12,"minecraft:diamond_shovel":2,"alexscaves:cave_map":2,"minecraft:glass":5,"minecraft:iron_boots":1,"minecraft:iron_hoe":1,"minecraft:stone_pickaxe":1,"minecraft:chest":5,"minecraft:smoker":1,"minecraft:cooked_beef":4,"minecraft:glass_bottle":6,"minecraft:diamond_sword":1,"sophisticatedbackpacks:backpack":1,"minecraft:cooked_porkchop":14,"minecraft:crafting_table":8,"minecraft:spruce_planks":40,"minecraft:baked_potato":10,"minecraft:wooden_pickaxe":1,"minecraft:iron_helmet":1,"minecraft:spruce_door":3,"minecraft:bucket":5,"minecraft:air":0,"minecraft:shield":1,"minecraft:stick":36,"minecraft:iron_ingot":32,"minecraft:stone_sword":1,"minecraft:iron_leggings":1,"minecraft:white_bed":1,"minecraft:torch":68},"minecraft:killed_by":{"minecraft:zombie":1},"minecraft:dropped":{"minecraft:wheat_seeds":3,"minecraft:cherry_log":2,"minecraft:crafting_table":1,"alexscaves:uranium_rod":2,"minecraft:leather":1,"minecraft:spruce_door":3,"minecraft:tropical_fish":1,"minecraft:coal":1,"minecraft:stick":7,"minecraft:dirt":137,"minecraft:torch":8,"tombstone:grave_key":1,"minecraft:cherry_planks":1,"minecraft:potion":1,"minecraft:string":1,"minecraft:pink_petals":5,"minecraft:pink_tulip":1,"minecraft:smooth_basalt":4,"minecraft:bone":2,"minecraft:furnace":1,"trials:tuff_bricks":1,"alexscaves:uranium":15,"minecraft:stone_sword":1,"alexscaves:radrock":1,"minecraft:tuff":6,"tombstone:gift":1,"minecraft:cherry_sapling":26,"minecraft:rotten_flesh":4,"minecraft:clay_ball":4,"alexscaves:radon_bottle":1,"minecraft:big_dripleaf":2,"minecraft:tipped_arrow":1,"minecraft:gunpowder":2,"minecraft:spruce_planks":1,"trials:polished_tuff":2,"minecraft:iron_chestplate":1,"minecraft:bamboo":3,"minecraft:stone_bricks":2,"minecraft:splash_potion":1}},"DataVersion":3465}