{"stats":{"minecraft:killed":{"minecraft:spider":4,"minecraft:skeleton":6,"trials:bogged":2,"artifacts:mimic":2,"minecraft:pig":7,"minecraft:sheep":4,"minecraft:zombie":8,"minecraft:cow":5},"minecraft:mined":{"alexscaves:spelunkery_table":1,"minecraft:tuff":6,"minecraft:deepslate_diamond_ore":54,"trials:tuff_bricks":1,"minecraft:cherry_log":69,"minecraft:brewing_stand":1,"minecraft:grass_block":136,"minecraft:coal_block":5,"minecraft:furnace":10,"minecraft:iron_ore":61,"minecraft:cobbled_deepslate":4,"minecraft:fire":2,"minecraft:andesite":18,"minecraft:deepslate_iron_ore":58,"minecraft:dirt_path":1,"minecraft:iron_bars":4,"minecraft:stone":24,"minecraft:deepslate_redstone_ore":3,"minecraft:oak_slab":1,"minecraft:blackstone":3,"minecraft:spruce_door":1,"minecraft:oak_fence":1,"minecraft:crafting_table":6,"minecraft:clay":1,"minecraft:torch":6,"minecraft:blast_furnace":2,"minecraft:calcite":2,"minecraft:tall_grass":2,"minecraft:deepslate_gold_ore":25,"minecraft:wall_torch":2,"minecraft:pink_petals":4,"minecraft:spruce_log":9,"minecraft:tnt":2,"trials:polished_tuff":1,"minecraft:yellow_bed":1,"minecraft:grass":4,"minecraft:oak_log":1,"minecraft:coal_ore":24,"minecraft:cherry_leaves":6,"minecraft:dripstone_block":1,"minecraft:dirt":43,"minecraft:cobweb":18,"minecraft:smooth_basalt":4,"minecraft:stone_bricks":4,"minecraft:gold_ore":3,"minecraft:deepslate":70},"minecraft:used":{"minecraft:stone_sword":72,"minecraft:iron_bars":4,"minecraft:spruce_planks":6,"minecraft:shield":1,"minecraft:cooked_salmon":2,"minecraft:rotten_flesh":4,"minecraft:torch":45,"minecraft:dirt":1,"minecraft:lava_bucket":3,"minecraft:furnace":10,"minecraft:cooked_beef":17,"minecraft:cobbled_deepslate":24,"minecraft:cherry_log":4,"minecraft:cooked_mutton":6,"minecraft:water_bucket":10,"minecraft:spruce_door":1,"minecraft:stone_pickaxe":60,"minecraft:wooden_pickaxe":3,"minecraft:diamond_axe":80,"minecraft:oak_slab":1,"minecraft:crafting_table":11,"alexscaves:cave_book":3,"minecraft:blast_furnace":1,"minecraft:dripstone_block":1,"waystones:waystone":1,"minecraft:diamond_shovel":184,"minecraft:iron_pickaxe":354,"minecraft:diamond_sword":55,"minecraft:cobblestone":2,"minecraft:cooked_porkchop":15,"minecraft:andesite":1,"minecraft:bucket":18},"minecraft:picked_up":{"minecraft:crafting_table":6,"minecraft:clay_ball":4,"artifacts:umbrella":1,"alexscaves:cave_tablet":1,"minecraft:potion":1,"minecraft:brewing_stand":1,"minecraft:string":21,"minecraft:cooked_salmon":2,"minecraft:blackstone":3,"minecraft:cobbled_deepslate":74,"minecraft:beef":8,"trials:tuff_bricks":1,"minecraft:iron_pickaxe":1,"minecraft:coal_block":5,"minecraft:furnace":10,"minecraft:tipped_arrow":1,"minecraft:raw_iron":159,"minecraft:big_dripleaf":2,"minecraft:oak_fence":1,"minecraft:torch":9,"minecraft:porkchop":15,"minecraft:cherry_log":71,"tombstone:grave_dust":2,"minecraft:redstone":13,"minecraft:tnt":2,"minecraft:rotten_flesh":9,"minecraft:arrow":10,"minecraft:tropical_fish":1,"alexscaves:spelunkery_table":1,"minecraft:mutton":6,"minecraft:iron_bars":4,"minecraft:white_wool":4,"minecraft:cobblestone":23,"minecraft:pink_petals":64,"minecraft:cooked_beef":5,"minecraft:andesite":16,"minecraft:leather":4,"minecraft:tuff":6,"minecraft:oak_log":1,"minecraft:yellow_bed":1,"minecraft:paper":1,"minecraft:dirt":1,"minecraft:cooked_mutton":6,"minecraft:bone":6,"minecraft:stone_bricks":2,"minecraft:bow":1,"minecraft:raw_gold":28,"minecraft:iron_ingot":10,"minecraft:oak_slab":1,"minecraft:smooth_basalt":4,"minecraft:cooked_porkchop":7,"minecraft:dripstone_block":1,"minecraft:blast_furnace":2,"minecraft:spruce_log":9,"minecraft:spruce_door":1,"trials:polished_tuff":2,"artifacts:plastic_drinking_hat":1,"minecraft:diamond":54,"waystones:waystone":1,"minecraft:cherry_sapling":23,"minecraft:coal":98},"minecraft:custom":{"minecraft:mob_kills":40,"minecraft:interact_with_crafting_table":20,"minecraft:open_barrel":15,"minecraft:leave_game":7,"minecraft:time_since_death":106727,"minecraft:climb_one_cm":3788,"minecraft:sprint_one_cm":324793,"minecraft:walk_one_cm":207677,"minecraft:damage_blocked_by_shield":45,"minecraft:drop":19,"minecraft:play_time":146043,"minecraft:deaths":3,"minecraft:sneak_time":6697,"minecraft:walk_under_water_one_cm":28308,"minecraft:jump":2956,"minecraft:interact_with_brewingstand":1,"minecraft:interact_with_blast_furnace":4,"minecraft:walk_on_water_one_cm":21675,"minecraft:total_world_time":146043,"minecraft:interact_with_furnace":27,"minecraft:interact_with_loom":7,"minecraft:time_since_rest":105059,"minecraft:waystone_activated":3,"minecraft:damage_taken":4198,"minecraft:damage_dealt":6470,"minecraft:swim_one_cm":34479,"minecraft:fly_one_cm":1243820,"minecraft:open_chest":18,"minecraft:crouch_one_cm":14239,"tombstone:undead_killed":16,"minecraft:fall_one_cm":234276},"minecraft:broken":{"minecraft:iron_pickaxe":1},"minecraft:crafted":{"minecraft:cherry_planks":24,"minecraft:oak_planks":4,"minecraft:coal":9,"minecraft:furnace":2,"minecraft:diamond_shovel":2,"alexscaves:cave_map":2,"minecraft:iron_boots":1,"minecraft:stone_pickaxe":1,"minecraft:chest":1,"minecraft:cooked_beef":2,"minecraft:diamond_sword":1,"sophisticatedbackpacks:backpack":1,"minecraft:cooked_porkchop":8,"minecraft:crafting_table":6,"minecraft:spruce_planks":40,"minecraft:wooden_pickaxe":1,"minecraft:iron_helmet":1,"minecraft:spruce_door":3,"minecraft:bucket":5,"minecraft:air":0,"minecraft:shield":1,"minecraft:stick":24,"minecraft:iron_ingot":28,"minecraft:stone_sword":1,"minecraft:iron_leggings":1,"minecraft:torch":44},"minecraft:killed_by":{"minecraft:zombie":1},"minecraft:dropped":{"minecraft:cherry_log":2,"minecraft:torch":8,"tombstone:grave_key":1,"minecraft:string":1,"minecraft:smooth_basalt":4,"minecraft:bone":2,"trials:tuff_bricks":1,"minecraft:stone_sword":1,"minecraft:tuff":6,"tombstone:gift":1,"minecraft:rotten_flesh":2,"minecraft:clay_ball":4,"minecraft:big_dripleaf":2,"minecraft:tipped_arrow":1,"minecraft:spruce_planks":1,"trials:polished_tuff":2,"minecraft:splash_potion":1}},"DataVersion":3465}