{"stats":{"minecraft:mined":{"minecraft:large_fern":1,"minecraft:grass":3,"minecraft:coal_ore":5,"minecraft:iron_ore":2,"minecraft:birch_log":18,"minecraft:stone":9,"minecraft:crafting_table":1},"minecraft:crafted":{"minecraft:birch_button":28,"minecraft:torch":8,"minecraft:birch_planks":72,"minecraft:crafting_table":2,"minecraft:stick":6,"minecraft:wooden_pickaxe":1,"minecraft:stone_pickaxe":1},"minecraft:dropped":{"minecraft:birch_button":28},"minecraft:used":{"minecraft:apple":4,"minecraft:crafting_table":2,"minecraft:stone_pickaxe":13,"minecraft:carrot":8,"minecraft:wooden_pickaxe":9},"minecraft:picked_up":{"minecraft:birch_log":18,"minecraft:raw_iron":2,"minecraft:pink_petals":10,"minecraft:crafting_table":1,"twigs:twig":1,"minecraft:coal":5,"minecraft:birch_sapling":3,"minecraft:cobblestone":9},"minecraft:custom":{"minecraft:time_since_rest":1437,"minecraft:crouch_one_cm":522,"lootr:looted_stat":6,"minecraft:sprint_one_cm":35912,"minecraft:play_time":20358,"minecraft:damage_taken":267,"minecraft:walk_one_cm":29382,"minecraft:sneak_time":192,"minecraft:drop":1,"minecraft:jump":321,"minecraft:damage_dealt":24,"minecraft:leave_game":2,"minecraft:time_since_death":20358,"minecraft:sleep_in_bed":1,"minecraft:total_world_time":20358,"minecraft:interact_with_crafting_table":3,"minecraft:fall_one_cm":10926,"minecraft:fly_one_cm":80848}},"DataVersion":3465}