{"stats":{"minecraft:mined":{"minecraft:grass":2,"minecraft:birch_log":18,"minecraft:stone":6},"minecraft:crafted":{"minecraft:birch_button":28,"minecraft:birch_planks":72,"minecraft:crafting_table":1,"minecraft:stick":6,"minecraft:wooden_pickaxe":1},"minecraft:dropped":{"minecraft:birch_button":28},"minecraft:used":{"minecraft:crafting_table":1,"minecraft:wooden_pickaxe":6},"minecraft:picked_up":{"minecraft:birch_log":18,"twigs:twig":1,"minecraft:birch_sapling":3,"minecraft:cobblestone":6},"minecraft:custom":{"minecraft:time_since_rest":12054,"minecraft:crouch_one_cm":446,"minecraft:sprint_one_cm":8070,"minecraft:play_time":12054,"minecraft:walk_one_cm":10932,"minecraft:sneak_time":155,"minecraft:drop":1,"minecraft:jump":103,"minecraft:leave_game":2,"minecraft:time_since_death":12054,"minecraft:total_world_time":12054,"minecraft:interact_with_crafting_table":1,"minecraft:fall_one_cm":3820,"minecraft:fly_one_cm":23118}},"DataVersion":3465}