{"stats":{"minecraft:mined":{"minecraft:crafting_table":2,"minecraft:emerald_ore":1,"minecraft:grass_block":3,"minecraft:cobblestone":3,"minecraft:wall_torch":1,"minecraft:spawner":1,"minecraft:pink_petals":1,"minecraft:large_fern":1,"minecraft:hay_block":13,"minecraft:furnace":1,"minecraft:birch_log":18,"minecraft:iron_ore":60,"minecraft:birch_leaves":1,"minecraft:grass":6,"minecraft:coal_ore":21,"minecraft:dirt":6,"minecraft:azalea_leaves":1,"minecraft:stone":82},"minecraft:crafted":{"minecraft:iron_nugget":18,"minecraft:crafting_table":4,"minecraft:wooden_pickaxe":1,"minecraft:iron_sword":1,"minecraft:furnace":1,"minecraft:birch_planks":72,"minecraft:bread":39,"minecraft:air":0,"minecraft:iron_boots":1,"minecraft:shield":1,"minecraft:stick":6,"minecraft:iron_ingot":12,"minecraft:iron_pickaxe":1,"minecraft:stone_pickaxe":1,"minecraft:birch_door":3,"minecraft:birch_button":28,"minecraft:torch":36,"minecraft:wheat":117},"minecraft:dropped":{"minecraft:bread":9,"minecraft:iron_sword":2,"minecraft:wheat_seeds":3,"minecraft:birch_sapling":3,"minecraft:raw_iron":15,"minecraft:rotten_flesh":1,"minecraft:shield":1,"minecraft:spider_eye":2,"minecraft:birch_button":28,"minecraft:bow":1,"minecraft:wooden_pickaxe":1,"minecraft:pink_petals":11,"minecraft:pink_tulip":1},"minecraft:killed":{"minecraft:spider":5,"minecraft:skeleton":4,"minecraft:zombie":9},"minecraft:used":{"minecraft:trident":12,"minecraft:birch_planks":5,"minecraft:stone_pickaxe":45,"minecraft:shield":6,"minecraft:wooden_pickaxe":9,"minecraft:iron_sword":77,"minecraft:torch":14,"minecraft:crafting_table":6,"minecraft:carrot":10,"minecraft:birch_door":1,"minecraft:apple":11,"minecraft:bread":25,"minecraft:iron_pickaxe":137,"minecraft:cobblestone":12,"minecraft:bow":3,"minecraft:furnace":1},"minecraft:picked_up":{"minecraft:birch_log":18,"minecraft:pink_petals":21,"minecraft:wheat":1,"minecraft:crafting_table":2,"minecraft:shield":1,"minecraft:dirt":9,"minecraft:string":6,"minecraft:lantern":1,"minecraft:bone":5,"dungeonnowloading:spawner_fragment":5,"minecraft:apple":1,"minecraft:bow":1,"minecraft:wheat_seeds":19,"twigs:twig":1,"minecraft:birch_sapling":6,"minecraft:iron_boots":1,"minecraft:furnace":1,"minecraft:raw_iron":61,"apotheosis:gem":1,"minecraft:torch":1,"minecraft:trident":1,"minecraft:carrot":2,"minecraft:spider_eye":2,"minecraft:arrow":1,"minecraft:rotten_flesh":6,"minecraft:hay_block":13,"minecraft:pink_tulip":1,"minecraft:emerald":1,"tombstone:magic_scroll":1,"minecraft:coal":38,"minecraft:cobblestone":84},"minecraft:custom":{"lootr:looted_stat":21,"minecraft:interact_with_furnace":11,"minecraft:mob_kills":21,"minecraft:interact_with_crafting_table":14,"minecraft:open_barrel":1,"minecraft:interact_with_loom":1,"minecraft:damage_dealt_resisted":0,"minecraft:leave_game":2,"minecraft:time_since_death":68358,"minecraft:sleep_in_bed":1,"minecraft:climb_one_cm":36,"minecraft:damage_resisted":0,"minecraft:time_since_rest":49437,"minecraft:waystone_activated":2,"minecraft:sprint_one_cm":182347,"minecraft:damage_taken":1437,"minecraft:walk_one_cm":111825,"minecraft:damage_blocked_by_shield":795,"minecraft:drop":23,"minecraft:damage_dealt":3700,"minecraft:swim_one_cm":37199,"minecraft:fly_one_cm":386606,"minecraft:crouch_one_cm":2531,"minecraft:play_time":68358,"tombstone:undead_killed":13,"minecraft:sneak_time":1145,"minecraft:walk_under_water_one_cm":5329,"minecraft:jump":1530,"minecraft:walk_on_water_one_cm":4279,"minecraft:total_world_time":68358,"minecraft:fall_one_cm":53526}},"DataVersion":3465}