{"stats":{"minecraft:mined":{"minecraft:large_fern":1,"minecraft:spruce_stairs":1,"minecraft:grass":1,"minecraft:grass_block":1,"minecraft:cherry_log":3},"minecraft:crafted":{"minecraft:cherry_planks":12},"minecraft:used":{"tombstone:gift":2,"alexsmobs:animal_dictionary":1,"minecraft:cherry_planks":4},"minecraft:picked_up":{"minecraft:pink_petals":4,"minecraft:wheat_seeds":1,"minecraft:spruce_stairs":1,"minecraft:gravel":1,"minecraft:cherry_log":3,"minecraft:dirt":1},"minecraft:custom":{"minecraft:time_since_rest":3670,"minecraft:play_time":8457,"minecraft:sprint_one_cm":27042,"minecraft:walk_one_cm":23662,"minecraft:damage_taken":305,"minecraft:deaths":1,"minecraft:sneak_time":15,"minecraft:jump":100,"minecraft:time_since_death":4925,"minecraft:total_world_time":8457,"minecraft:fall_one_cm":1724,"minecraft:fly_one_cm":12486}},"DataVersion":3465}