{"stats":{"minecraft:mined":{"minecraft:large_fern":6,"minecraft:spruce_stairs":1,"minecraft:white_bed":1,"minecraft:birch_log":9,"minecraft:cherry_log":17,"minecraft:brown_carpet":2,"minecraft:crafting_table":1,"minecraft:grass":8,"minecraft:grass_block":7,"minecraft:oak_log":4,"minecraft:dirt":7,"twigs:twig":1,"minecraft:azalea_leaves":1,"minecraft:stone":9,"minecraft:oak_planks":1},"minecraft:crafted":{"minecraft:cherry_planks":68,"minecraft:oak_planks":16,"minecraft:crafting_table":1,"minecraft:stone_sword":1,"minecraft:birch_planks":4},"minecraft:dropped":{"minecraft:wheat_seeds":1,"artifacts:digging_claws":1},"minecraft:killed":{"alexsmobs:hummingbird":1},"minecraft:used":{"minecraft:azalea":1,"minecraft:stone_sword":5,"minecraft:apple":2,"minecraft:bread":4,"minecraft:iron_pickaxe":14,"minecraft:oak_planks":1,"minecraft:cherry_planks":4,"twigs:twig":1,"minecraft:dirt":1,"minecraft:brown_carpet":1,"minecraft:scaffolding":1,"minecraft:crafting_table":1,"minecraft:carrot":2,"tombstone:gift":2,"alexsmobs:animal_dictionary":1,"vinery:red_grape":1},"minecraft:picked_up":{"minecraft:pink_petals":8,"minecraft:crafting_table":1,"vinery:red_grape":1,"artifacts:digging_claws":1,"minecraft:spruce_stairs":1,"minecraft:gravel":1,"minecraft:oak_log":4,"minecraft:cherry_log":17,"minecraft:white_bed":1,"minecraft:carrot":1,"minecraft:dirt":14,"minecraft:brown_carpet":2,"minecraft:wheat_seeds":2,"minecraft:azalea":1,"twigs:twig":8,"minecraft:birch_sapling":5,"minecraft:oak_planks":1,"minecraft:cobblestone":9,"minecraft:birch_log":9},"minecraft:custom":{"minecraft:time_since_rest":7651,"lootr:looted_stat":3,"minecraft:sprint_one_cm":77501,"minecraft:damage_taken":783,"minecraft:walk_one_cm":114003,"minecraft:mob_kills":1,"minecraft:drop":2,"minecraft:damage_dealt":234,"minecraft:interact_with_crafting_table":1,"minecraft:fly_one_cm":31335,"minecraft:crouch_one_cm":301,"minecraft:play_time":32457,"minecraft:deaths":2,"minecraft:sneak_time":420,"minecraft:jump":221,"minecraft:time_since_death":17651,"minecraft:sleep_in_bed":2,"minecraft:total_world_time":32457,"minecraft:fall_one_cm":4418}},"DataVersion":3465}