{"stats":{"minecraft:mined":{"twigs:pebble":1,"minecraft:white_bed":1,"minecraft:cherry_log":17,"minecraft:brown_carpet":2,"minecraft:crafting_table":1,"minecraft:grass_block":13,"minecraft:poppy":1,"twigs:twig":1,"minecraft:tall_grass":1,"minecraft:oak_planks":1,"minecraft:large_fern":6,"minecraft:spruce_stairs":1,"minecraft:carrots":1,"minecraft:birch_log":9,"minecraft:iron_ore":4,"minecraft:wheat":15,"minecraft:azure_bluet":1,"minecraft:grass":10,"minecraft:coal_ore":12,"minecraft:potatoes":1,"minecraft:oak_log":4,"minecraft:dirt_path":4,"minecraft:dirt":45,"minecraft:bamboo":4,"minecraft:azalea_leaves":1,"minecraft:stone":88},"minecraft:crafted":{"minecraft:cherry_planks":68,"minecraft:oak_planks":16,"minecraft:crafting_table":1,"minecraft:birch_planks":4,"minecraft:stone_sword":1,"minecraft:torch":4},"minecraft:dropped":{"brewery:corn":1,"minecraft:bread":1,"minecraft:wheat_seeds":1,"minecraft:apple":3,"minecraft:poppy":1,"vinery:taiga_grapes_red":2,"artifacts:digging_claws":1},"minecraft:killed":{"alexsmobs:hummingbird":1,"minecraft:zombie":2},"minecraft:used":{"minecraft:azalea":1,"minecraft:stone_sword":23,"minecraft:oak_planks":1,"minecraft:cherry_planks":7,"minecraft:dirt":1,"minecraft:crafting_table":1,"minecraft:carrot":4,"minecraft:apple":3,"minecraft:bread":4,"minecraft:iron_pickaxe":115,"twigs:twig":1,"minecraft:brown_carpet":1,"minecraft:scaffolding":1,"tombstone:gift":2,"vinery:taiga_grapes_red":5,"alexsmobs:animal_dictionary":1,"minecraft:potato":1,"twigs:pebble":2,"vinery:red_grape":1},"minecraft:picked_up":{"minecraft:birch_log":9,"minecraft:pink_petals":9,"minecraft:wheat":8,"minecraft:crafting_table":1,"vinery:red_grape":1,"minecraft:azure_bluet":2,"artifacts:digging_claws":1,"minecraft:potato":1,"minecraft:oak_log":4,"vinery:taiga_grapes_red":7,"minecraft:dirt":57,"minecraft:wheat_seeds":31,"twigs:pebble":2,"minecraft:azalea":1,"minecraft:poppy":2,"minecraft:bamboo":7,"twigs:twig":8,"minecraft:birch_sapling":5,"minecraft:oak_planks":1,"minecraft:raw_iron":4,"twigs:bamboo_leaves":7,"minecraft:spruce_stairs":1,"minecraft:gravel":1,"minecraft:cherry_log":17,"minecraft:white_bed":1,"minecraft:carrot":3,"minecraft:brown_carpet":2,"minecraft:rotten_flesh":4,"minecraft:peony":1,"minecraft:coal":11,"minecraft:cobblestone":74},"minecraft:custom":{"lootr:looted_stat":3,"minecraft:mob_kills":4,"minecraft:animals_bred":1,"minecraft:interact_with_crafting_table":1,"minecraft:damage_dealt_resisted":0,"minecraft:time_since_death":41651,"minecraft:sleep_in_bed":2,"minecraft:time_since_rest":31651,"minecraft:sprint_one_cm":128541,"minecraft:damage_taken":981,"minecraft:walk_one_cm":216413,"minecraft:drop":10,"minecraft:damage_dealt":817,"minecraft:fly_one_cm":50446,"minecraft:crouch_one_cm":746,"minecraft:play_time":56457,"tombstone:undead_killed":2,"minecraft:deaths":2,"minecraft:sneak_time":540,"minecraft:jump":404,"minecraft:walk_on_water_one_cm":4643,"minecraft:total_world_time":56457,"minecraft:fall_one_cm":6330}},"DataVersion":3465}