{"stats":{"minecraft:mined":{"twigs:pebble":1,"minecraft:white_bed":1,"minecraft:cherry_log":17,"minecraft:brown_carpet":2,"minecraft:crafting_table":1,"minecraft:grass_block":7,"minecraft:poppy":1,"twigs:twig":1,"minecraft:oak_planks":1,"minecraft:large_fern":6,"minecraft:spruce_stairs":1,"minecraft:birch_log":9,"minecraft:azure_bluet":1,"minecraft:grass":8,"minecraft:oak_log":4,"minecraft:dirt_path":1,"minecraft:dirt":22,"minecraft:azalea_leaves":1,"minecraft:stone":9},"minecraft:crafted":{"minecraft:cherry_planks":68,"minecraft:oak_planks":16,"minecraft:crafting_table":1,"minecraft:birch_planks":4,"minecraft:stone_sword":1},"minecraft:dropped":{"minecraft:wheat_seeds":1,"minecraft:apple":1,"minecraft:poppy":1,"vinery:taiga_grapes_red":2,"artifacts:digging_claws":1},"minecraft:killed":{"alexsmobs:hummingbird":1,"minecraft:zombie":1},"minecraft:used":{"minecraft:azalea":1,"minecraft:stone_sword":10,"minecraft:oak_planks":1,"minecraft:cherry_planks":7,"minecraft:dirt":1,"minecraft:crafting_table":1,"minecraft:carrot":2,"minecraft:apple":3,"minecraft:bread":4,"minecraft:iron_pickaxe":14,"twigs:twig":1,"minecraft:brown_carpet":1,"minecraft:scaffolding":1,"tombstone:gift":2,"vinery:taiga_grapes_red":5,"alexsmobs:animal_dictionary":1,"twigs:pebble":2,"vinery:red_grape":1},"minecraft:picked_up":{"minecraft:birch_log":9,"minecraft:pink_petals":9,"minecraft:wheat":1,"minecraft:crafting_table":1,"vinery:red_grape":1,"minecraft:azure_bluet":2,"artifacts:digging_claws":1,"minecraft:oak_log":4,"vinery:taiga_grapes_red":7,"minecraft:dirt":30,"minecraft:wheat_seeds":5,"twigs:pebble":2,"minecraft:azalea":1,"minecraft:poppy":2,"twigs:twig":8,"minecraft:birch_sapling":5,"minecraft:oak_planks":1,"minecraft:spruce_stairs":1,"minecraft:gravel":1,"minecraft:cherry_log":17,"minecraft:white_bed":1,"minecraft:carrot":2,"minecraft:brown_carpet":2,"minecraft:rotten_flesh":2,"minecraft:peony":1,"minecraft:cobblestone":9},"minecraft:custom":{"lootr:looted_stat":3,"minecraft:mob_kills":2,"minecraft:animals_bred":1,"minecraft:interact_with_crafting_table":1,"minecraft:time_since_death":29651,"minecraft:sleep_in_bed":2,"minecraft:time_since_rest":19651,"minecraft:sprint_one_cm":101987,"minecraft:damage_taken":822,"minecraft:walk_one_cm":170785,"minecraft:drop":6,"minecraft:damage_dealt":435,"minecraft:fly_one_cm":44644,"minecraft:crouch_one_cm":745,"minecraft:play_time":44457,"tombstone:undead_killed":1,"minecraft:deaths":2,"minecraft:sneak_time":527,"minecraft:jump":297,"minecraft:walk_on_water_one_cm":4643,"minecraft:total_world_time":44457,"minecraft:fall_one_cm":5854}},"DataVersion":3465}