{"stats":{"minecraft:mined":{"minecraft:large_fern":6,"minecraft:spruce_stairs":1,"minecraft:grass":5,"minecraft:grass_block":1,"twigs:twig":1,"minecraft:birch_log":9,"minecraft:azalea_leaves":1,"minecraft:cherry_log":7,"minecraft:oak_log":4},"minecraft:crafted":{"minecraft:cherry_planks":28,"minecraft:oak_planks":16,"minecraft:birch_planks":4},"minecraft:dropped":{"minecraft:wheat_seeds":1,"artifacts:digging_claws":1},"minecraft:used":{"twigs:twig":1,"minecraft:dirt":1,"tombstone:gift":2,"alexsmobs:animal_dictionary":1,"minecraft:cherry_planks":4,"minecraft:azalea":1},"minecraft:picked_up":{"minecraft:pink_petals":4,"artifacts:digging_claws":1,"minecraft:wheat_seeds":2,"minecraft:spruce_stairs":1,"minecraft:gravel":1,"minecraft:oak_log":4,"minecraft:cherry_log":7,"minecraft:azalea":1,"twigs:twig":8,"minecraft:birch_sapling":5,"minecraft:dirt":1,"minecraft:birch_log":9},"minecraft:custom":{"minecraft:time_since_rest":5435,"minecraft:crouch_one_cm":165,"minecraft:play_time":20457,"minecraft:sprint_one_cm":58190,"minecraft:walk_one_cm":62989,"minecraft:damage_taken":460,"minecraft:deaths":2,"minecraft:sneak_time":93,"minecraft:drop":2,"minecraft:jump":155,"minecraft:time_since_death":5651,"minecraft:total_world_time":20457,"lootr:looted_stat":2,"minecraft:fall_one_cm":3187,"minecraft:fly_one_cm":24308}},"DataVersion":3465}