{
  "handcrafted:recipes/misc/cherry_cupboard": {
    "criteria": {
      "has_cherry_cupboard": "2024-08-16 03:10:57 +0000"
    },
    "done": true
  },
  "aquaculture:recipes/aquaculture/heavy_hook": {
    "criteria": {
      "has_items": "2024-08-16 03:05:51 +0000"
    },
    "done": true
  },
  "aquaculture:recipes/misc/neptunium_ingot_from_neptunium_block": {
    "criteria": {
      "has_items": "2024-08-16 03:05:51 +0000"
    },
    "done": true
  },
  "create:root": {
    "criteria": {
      "0": "2024-08-16 03:05:51 +0000"
    },
    "done": true
  },
  "minecraft:recipes/decorations/cherry_fence": {
    "criteria": {
      "has_planks": "2024-08-16 03:10:57 +0000"
    },
    "done": true
  },
  "minecraft:recipes/decorations/crafting_table": {
    "criteria": {
      "unlock_right_away": "2024-08-16 03:05:51 +0000"
    },
    "done": true
  },
  "minecraft:recipes/misc/stick": {
    "criteria": {
      "has_planks": "2024-08-16 03:10:57 +0000"
    },
    "done": true
  },
  "minecraft:recipes/building_blocks/cherry_planks": {
    "criteria": {
      "has_log": "2024-08-16 03:10:17 +0000"
    },
    "done": true
  },
  "vinery:recipes/dirt_slab": {
    "criteria": {
      "has_dirt": "2024-08-16 03:10:32 +0000"
    },
    "done": true
  },
  "handcrafted:recipes/misc/bear_trophy": {
    "criteria": {
      "has_bear_trophy": "2024-08-16 03:10:57 +0000"
    },
    "done": true
  },
  "minecraft:recipes/building_blocks/lime_concrete_powder": {
    "criteria": {
      "has_gravel": "2024-08-16 03:11:56 +0000"
    },
    "done": true
  },
  "mcwtrpdoors:recipes/cherry/cherry_barred_trapdoor": {
    "criteria": {
      "has_logs": "2024-08-16 03:10:17 +0000"
    },
    "done": true
  },
  "minecraft:recipes/decorations/cherry_sign": {
    "criteria": {
      "has_planks": "2024-08-16 03:10:57 +0000"
    },
    "done": true
  },
  "minecraft:recipes/building_blocks/magenta_concrete_powder": {
    "criteria": {
      "has_gravel": "2024-08-16 03:11:56 +0000"
    },
    "done": true
  },
  "tombstone:adventure/first_grave": {
    "criteria": {
      "coded_trigger": "2024-08-16 03:08:40 +0000"
    },
    "done": true
  },
  "minecraft:recipes/redstone/cherry_pressure_plate": {
    "criteria": {
      "has_planks": "2024-08-16 03:10:57 +0000"
    },
    "done": true
  },
  "handcrafted:recipes/misc/goat_trophy": {
    "criteria": {
      "has_goat_trophy": "2024-08-16 03:10:57 +0000"
    },
    "done": true
  },
  "naturescompass:natures_compass_sapling": {
    "criteria": {
      "has_recipe": "2024-08-16 03:10:17 +0000"
    },
    "done": true
  },
  "aquaculture:recipes/decorations/acacia_fish_mount": {
    "criteria": {
      "has_items": "2024-08-16 03:05:51 +0000"
    },
    "done": true
  },
  "mcwtrpdoors:recipes/cherry/cherry_mystic_trapdoor": {
    "criteria": {
      "has_logs": "2024-08-16 03:10:17 +0000"
    },
    "done": true
  },
  "minecraft:recipes/building_blocks/black_concrete_powder": {
    "criteria": {
      "has_gravel": "2024-08-16 03:11:56 +0000"
    },
    "done": true
  },
  "mcwtrpdoors:recipes/cherry/cherry_classic_trapdoor": {
    "criteria": {
      "has_logs": "2024-08-16 03:10:17 +0000",
      "has_the_recipe": "2024-08-16 03:10:17 +0000"
    },
    "done": true
  },
  "betterdungeons:root": {
    "criteria": {
      "always": "2024-08-16 03:05:51 +0000"
    },
    "done": true
  },
  "tombstone:recipes/from_grave_dust": {
    "criteria": {
      "has_ingredient": "2024-08-16 03:09:53 +0000"
    },
    "done": true
  },
  "aquaculture:recipes/aquaculture/light_hook": {
    "criteria": {
      "has_items": "2024-08-16 03:05:51 +0000"
    },
    "done": true
  },
  "mcwtrpdoors:recipes/cherry/cherry_paper_trapdoor": {
    "criteria": {
      "has_logs": "2024-08-16 03:10:17 +0000"
    },
    "done": true
  },
  "minecraft:recipes/building_blocks/cyan_concrete_powder": {
    "criteria": {
      "has_gravel": "2024-08-16 03:11:56 +0000"
    },
    "done": true
  },
  "handcrafted:recipes/misc/blaze_trophy": {
    "criteria": {
      "has_blaze_trophy": "2024-08-16 03:10:57 +0000"
    },
    "done": true
  },
  "handcrafted:recipes/misc/wolf_trophy": {
    "criteria": {
      "has_wolf_trophy": "2024-08-16 03:10:57 +0000"
    },
    "done": true
  },
  "mcwtrpdoors:recipes/cherry/cherry_tropical_trapdoor": {
    "criteria": {
      "has_logs": "2024-08-16 03:10:17 +0000"
    },
    "done": true
  },
  "minecraft:recipes/misc/pink_dye_from_pink_petals": {
    "criteria": {
      "has_pink_petals": "2024-08-16 03:10:43 +0000"
    },
    "done": true
  },
  "minecraft:recipes/building_blocks/pink_concrete_powder": {
    "criteria": {
      "has_gravel": "2024-08-16 03:11:56 +0000"
    },
    "done": true
  },
  "aquaculture:recipes/tools/iron_fishing_rod": {
    "criteria": {
      "has_vanilla_rod": "2024-08-16 03:05:51 +0000"
    },
    "done": true
  },
  "mcwtrpdoors:recipes/cherry/cherry_swamp_trapdoor": {
    "criteria": {
      "has_logs": "2024-08-16 03:10:17 +0000"
    },
    "done": true
  },
  "handcrafted:recipes/misc/cherry_counter": {
    "criteria": {
      "has_cherry_counter": "2024-08-16 03:10:57 +0000"
    },
    "done": true
  },
  "alexsmobs:alexsmobs/root": {
    "criteria": {
      "useitem": "2024-08-16 03:06:42 +0000"
    },
    "done": true
  },
  "mcwtrpdoors:recipes/cherry/cherry_barn_trapdoor": {
    "criteria": {
      "has_logs": "2024-08-16 03:10:17 +0000"
    },
    "done": true
  },
  "aquaculture:recipes/decorations/oak_fish_mount": {
    "criteria": {
      "has_items": "2024-08-16 03:05:51 +0000"
    },
    "done": true
  },
  "mcwtrpdoors:recipes/cherry/cherry_beach_trapdoor": {
    "criteria": {
      "has_logs": "2024-08-16 03:10:17 +0000"
    },
    "done": true
  },
  "minecraft:recipes/building_blocks/white_concrete_powder": {
    "criteria": {
      "has_gravel": "2024-08-16 03:11:56 +0000"
    },
    "done": true
  },
  "minecraft:recipes/redstone/cherry_trapdoor": {
    "criteria": {
      "has_planks": "2024-08-16 03:10:57 +0000"
    },
    "done": true
  },
  "minecraft:recipes/redstone/cherry_button": {
    "criteria": {
      "has_planks": "2024-08-16 03:10:57 +0000"
    },
    "done": true
  },
  "aquaculture:recipes/aquaculture/double_hook": {
    "criteria": {
      "has_items": "2024-08-16 03:05:51 +0000"
    },
    "done": true
  },
  "minecraft:recipes/building_blocks/cherry_wood": {
    "criteria": {
      "has_log": "2024-08-16 03:10:17 +0000"
    },
    "done": true
  },
  "betterdeserttemples:root": {
    "criteria": {
      "always": "2024-08-16 03:05:51 +0000"
    },
    "done": true
  },
  "aquaculture:recipes/aquaculture/fishing_line": {
    "criteria": {
      "has_items": "2024-08-16 03:05:51 +0000"
    },
    "done": true
  },
  "aquaculture:recipes/aquaculture/iron_hook": {
    "criteria": {
      "has_items": "2024-08-16 03:05:51 +0000"
    },
    "done": true
  },
  "vinery:main/root": {
    "criteria": {
      "seeds": "2024-08-16 03:05:51 +0000"
    },
    "done": true
  },
  "handcrafted:recipes/misc/spider_trophy": {
    "criteria": {
      "has_spider_trophy": "2024-08-16 03:10:57 +0000"
    },
    "done": true
  },
  "aquaculture:recipes/misc/jellyfish_to_slimeball": {
    "criteria": {
      "has_items": "2024-08-16 03:05:51 +0000"
    },
    "done": true
  },
  "handcrafted:recipes/misc/cherry_dining_bench": {
    "criteria": {
      "has_cherry_dining_bench": "2024-08-16 03:10:57 +0000"
    },
    "done": true
  },
  "incendium:technical/using/ragnarok": {
    "criteria": {
      "log_spam_fixer": "2024-08-16 03:05:51 +0000"
    },
    "done": false
  },
  "aquaculture:recipes/tools/diamond_fishing_rod": {
    "criteria": {
      "has_vanilla_rod": "2024-08-16 03:05:51 +0000"
    },
    "done": true
  },
  "mcwtrpdoors:recipes/cherry/cherry_four_panel_trapdoor": {
    "criteria": {
      "has_logs": "2024-08-16 03:10:17 +0000"
    },
    "done": true
  },
  "minecraft:recipes/building_blocks/yellow_concrete_powder": {
    "criteria": {
      "has_gravel": "2024-08-16 03:11:56 +0000"
    },
    "done": true
  },
  "handcrafted:recipes/misc/cherry_desk": {
    "criteria": {
      "has_cherry_desk": "2024-08-16 03:10:57 +0000"
    },
    "done": true
  },
  "handcrafted:recipes/misc/cherry_drawer": {
    "criteria": {
      "has_cherry_drawer": "2024-08-16 03:10:57 +0000"
    },
    "done": true
  },
  "handcrafted:recipes/misc/skeleton_horse_trophy": {
    "criteria": {
      "has_skeleton_horse_trophy": "2024-08-16 03:10:57 +0000"
    },
    "done": true
  },
  "handcrafted:recipes/misc/cherry_table": {
    "criteria": {
      "has_cherry_table": "2024-08-16 03:10:57 +0000"
    },
    "done": true
  },
  "aquaculture:recipes/misc/tin_can_to_iron_nugget": {
    "criteria": {
      "has_items": "2024-08-16 03:05:51 +0000"
    },
    "done": true
  },
  "handcrafted:recipes/misc/wither_skeleton_trophy": {
    "criteria": {
      "has_wither_skeleton_trophy": "2024-08-16 03:10:57 +0000"
    },
    "done": true
  },
  "minecraft:recipes/building_blocks/red_concrete_powder": {
    "criteria": {
      "has_gravel": "2024-08-16 03:11:56 +0000"
    },
    "done": true
  },
  "aquaculture:recipes/decorations/birch_fish_mount": {
    "criteria": {
      "has_items": "2024-08-16 03:05:51 +0000"
    },
    "done": true
  },
  "tombstone:recipes/from_grave_key": {
    "criteria": {
      "has_ingredient": "2024-08-16 03:08:47 +0000"
    },
    "done": true
  },
  "minecraft:recipes/building_blocks/green_concrete_powder": {
    "criteria": {
      "has_gravel": "2024-08-16 03:11:56 +0000"
    },
    "done": true
  },
  "minecraft:recipes/building_blocks/blue_concrete_powder": {
    "criteria": {
      "has_gravel": "2024-08-16 03:11:56 +0000"
    },
    "done": true
  },
  "twigs:recipes/gravel_bricks/gravel_bricks": {
    "criteria": {
      "has_item": "2024-08-16 03:11:56 +0000"
    },
    "done": true
  },
  "aquaculture:recipes/misc/iron_nugget_from_smelting": {
    "criteria": {
      "has_fishing_rod": "2024-08-16 03:05:51 +0000",
      "has_fillet_knife": "2024-08-16 03:05:51 +0000"
    },
    "done": true
  },
  "repurposed_structures:root": {
    "criteria": {
      "always": "2024-08-16 03:05:51 +0000"
    },
    "done": true
  },
  "naturescompass:natures_compass": {
    "criteria": {
      "has_recipe": "2024-08-16 03:10:17 +0000"
    },
    "done": true
  },
  "aquaculture:recipes/tools/golden_fishing_rod": {
    "criteria": {
      "has_vanilla_rod": "2024-08-16 03:05:51 +0000"
    },
    "done": true
  },
  "aquaculture:recipes/misc/gold_nugget_from_smelting": {
    "criteria": {
      "has_fishing_rod": "2024-08-16 03:05:51 +0000",
      "has_fillet_knife": "2024-08-16 03:05:51 +0000"
    },
    "done": true
  },
  "twigs:recipes/tables/cherry_table": {
    "criteria": {
      "has_bamboo": "2024-08-16 03:10:57 +0000"
    },
    "done": true
  },
  "aquaculture:recipes/misc/bonemeal_from_fish_bones": {
    "criteria": {
      "has_items": "2024-08-16 03:05:51 +0000"
    },
    "done": true
  },
  "tombstone:adventure/cancel_ghostly_shape": {
    "criteria": {
      "coded_trigger": "2024-08-16 03:09:50 +0000"
    },
    "done": true
  },
  "mcwtrpdoors:recipes/cherry/cherry_cottage_trapdoor": {
    "criteria": {
      "has_logs": "2024-08-16 03:10:17 +0000"
    },
    "done": true
  },
  "handcrafted:recipes/misc/salmon_trophy": {
    "criteria": {
      "has_salmon_trophy": "2024-08-16 03:10:57 +0000"
    },
    "done": true
  },
  "handcrafted:recipes/misc/silverfish_trophy": {
    "criteria": {
      "has_silverfish_trophy": "2024-08-16 03:10:57 +0000"
    },
    "done": true
  },
  "incendium:technical/new_player": {
    "criteria": {
      "requirement": "2024-08-16 03:05:51 +0000"
    },
    "done": true
  },
  "aquaculture:recipes/misc/brown_mushroom_from_fish": {
    "criteria": {
      "has_items": "2024-08-16 03:05:51 +0000"
    },
    "done": true
  },
  "minecraft:recipes/building_blocks/orange_concrete_powder": {
    "criteria": {
      "has_gravel": "2024-08-16 03:11:56 +0000"
    },
    "done": true
  },
  "dungeons_arise:wda_root": {
    "criteria": {
      "WDA": "2024-08-16 03:05:51 +0000"
    },
    "done": true
  },
  "dungeons_arise:find_abandoned_temple": {
    "criteria": {
      "location0": "2024-08-16 03:07:34 +0000"
    },
    "done": true
  },
  "minecraft:recipes/misc/charcoal": {
    "criteria": {
      "has_log": "2024-08-16 03:10:17 +0000"
    },
    "done": true
  },
  "naturescompass:natures_compass_log": {
    "criteria": {
      "has_log": "2024-08-16 03:10:17 +0000"
    },
    "done": true
  },
  "aquaculture:recipes/misc/neptinium_ingot_from_blasting": {
    "criteria": {
      "has_leggings": "2024-08-16 03:05:51 +0000",
      "has_axe": "2024-08-16 03:05:51 +0000",
      "has_helmet": "2024-08-16 03:05:51 +0000",
      "has_fishing_rod": "2024-08-16 03:05:51 +0000",
      "has_bow": "2024-08-16 03:05:51 +0000",
      "has_chestplate": "2024-08-16 03:05:51 +0000",
      "has_sword": "2024-08-16 03:05:51 +0000",
      "has_fillet_knife": "2024-08-16 03:05:51 +0000",
      "has_shovel": "2024-08-16 03:05:51 +0000",
      "has_hoe": "2024-08-16 03:05:51 +0000",
      "has_boots": "2024-08-16 03:05:51 +0000",
      "has_pickaxe": "2024-08-16 03:05:51 +0000"
    },
    "done": true
  },
  "aquaculture:recipes/decorations/dark_oak_fish_mount": {
    "criteria": {
      "has_items": "2024-08-16 03:05:51 +0000"
    },
    "done": true
  },
  "aquaculture:recipes/aquaculture/diamond_hook": {
    "criteria": {
      "has_items": "2024-08-16 03:05:51 +0000"
    },
    "done": true
  },
  "aquaculture:recipes/food/sushi": {
    "criteria": {
      "has_alt_items": "2024-08-16 03:05:51 +0000",
      "has_items": "2024-08-16 03:05:51 +0000"
    },
    "done": true
  },
  "minecraft:recipes/decorations/barrel": {
    "criteria": {
      "has_planks": "2024-08-16 03:10:57 +0000"
    },
    "done": true
  },
  "handcrafted:recipes/misc/cherry_fancy_bed": {
    "criteria": {
      "has_cherry_fancy_bed": "2024-08-16 03:10:57 +0000"
    },
    "done": true
  },
  "incendium:technical/using/shield": {
    "criteria": {
      "log_spam_fixer": "2024-08-16 03:05:51 +0000"
    },
    "done": false
  },
  "minecraft:recipes/building_blocks/purple_concrete_powder": {
    "criteria": {
      "has_gravel": "2024-08-16 03:11:56 +0000"
    },
    "done": true
  },
  "minecraft:recipes/redstone/cherry_door": {
    "criteria": {
      "has_planks": "2024-08-16 03:10:57 +0000"
    },
    "done": true
  },
  "aquaculture:recipes/misc/red_mushroom_from_fish": {
    "criteria": {
      "has_items": "2024-08-16 03:05:51 +0000"
    },
    "done": true
  },
  "securitycraft:recipes/misc/sc_manual": {
    "criteria": {
      "has_wood": "2024-08-16 03:10:17 +0000"
    },
    "done": true
  },
  "aquaculture:recipes/building_blocks/planks_from_driftwood": {
    "criteria": {
      "has_items": "2024-08-16 03:05:51 +0000"
    },
    "done": true
  },
  "tombstone:adventure/root": {
    "criteria": {
      "auto": "2024-08-16 03:05:51 +0000"
    },
    "done": true
  },
  "minecraft:recipes/building_blocks/coarse_dirt": {
    "criteria": {
      "has_gravel": "2024-08-16 03:11:56 +0000"
    },
    "done": true
  },
  "minecraft:recipes/building_blocks/light_gray_concrete_powder": {
    "criteria": {
      "has_gravel": "2024-08-16 03:11:56 +0000"
    },
    "done": true
  },
  "aquaculture:recipes/aquaculture/worm_farm": {
    "criteria": {
      "has_items": "2024-08-16 03:05:51 +0000"
    },
    "done": true
  },
  "mcwdoors:recipes/cherry": {
    "criteria": {
      "has_wood": "2024-08-16 03:10:17 +0000"
    },
    "done": true
  },
  "handcrafted:recipes/misc/cherry_couch": {
    "criteria": {
      "has_cherry_couch": "2024-08-16 03:10:57 +0000"
    },
    "done": true
  },
  "minecraft:recipes/building_blocks/cherry_slab": {
    "criteria": {
      "has_planks": "2024-08-16 03:10:57 +0000"
    },
    "done": true
  },
  "aquaculture:recipes/aquaculture/note_hook": {
    "criteria": {
      "has_items": "2024-08-16 03:05:51 +0000"
    },
    "done": true
  },
  "minecraft:recipes/building_blocks/brown_concrete_powder": {
    "criteria": {
      "has_gravel": "2024-08-16 03:11:56 +0000"
    },
    "done": true
  },
  "aquaculture:recipes/food/cooked_fish_fillet_from_campfire": {
    "criteria": {
      "has_items": "2024-08-16 03:05:51 +0000"
    },
    "done": true
  },
  "handcrafted:recipes/misc/cherry_bench": {
    "criteria": {
      "has_cherry_bench": "2024-08-16 03:10:57 +0000"
    },
    "done": true
  },
  "minecraft:recipes/building_blocks/light_blue_concrete_powder": {
    "criteria": {
      "has_gravel": "2024-08-16 03:11:56 +0000"
    },
    "done": true
  },
  "mcwtrpdoors:recipes/cherry/cherry_barrel_trapdoor": {
    "criteria": {
      "has_logs": "2024-08-16 03:10:17 +0000"
    },
    "done": true
  },
  "handcrafted:recipes/misc/cherry_side_table": {
    "criteria": {
      "has_cherry_side_table": "2024-08-16 03:10:57 +0000"
    },
    "done": true
  },
  "aquaculture:recipes/aquaculture/gold_hook": {
    "criteria": {
      "has_items": "2024-08-16 03:05:51 +0000"
    },
    "done": true
  },
  "minecraft:recipes/building_blocks/cherry_stairs": {
    "criteria": {
      "has_planks": "2024-08-16 03:10:57 +0000"
    },
    "done": true
  },
  "handcrafted:recipes/misc/cherry_corner_trim": {
    "criteria": {
      "has_cherry_corner_trim": "2024-08-16 03:10:57 +0000"
    },
    "done": true
  },
  "aquaculture:recipes/decorations/spruce_fish_mount": {
    "criteria": {
      "has_items": "2024-08-16 03:05:51 +0000"
    },
    "done": true
  },
  "handcrafted:recipes/misc/cherry_nightstand": {
    "criteria": {
      "has_cherry_nightstand": "2024-08-16 03:10:57 +0000"
    },
    "done": true
  },
  "lootr:root": {
    "criteria": {
      "always_true": "2024-08-16 03:05:51 +0000"
    },
    "done": true
  },
  "handcrafted:recipes/misc/fox_trophy": {
    "criteria": {
      "has_fox_trophy": "2024-08-16 03:10:57 +0000"
    },
    "done": true
  },
  "minecraft:husbandry/root": {
    "criteria": {
      "consumed_item": "2024-08-16 03:06:42 +0000"
    },
    "done": true
  },
  "aquaculture:recipes/misc/tin_can_to_iron_nugget_from_blasting": {
    "criteria": {
      "has_items": "2024-08-16 03:05:51 +0000"
    },
    "done": true
  },
  "cataclysm:root": {
    "criteria": {
      "custom_test_name": "2024-08-16 03:05:51 +0000"
    },
    "done": true
  },
  "handcrafted:recipes/misc/tropical_fish_trophy": {
    "criteria": {
      "has_tropical_fish_trophy": "2024-08-16 03:10:57 +0000"
    },
    "done": true
  },
  "incendium:technical/scroll_of_returning": {
    "criteria": {
      "log_spam_fixer": "2024-08-16 03:05:51 +0000"
    },
    "done": false
  },
  "handcrafted:recipes/misc/pufferfish_trophy": {
    "criteria": {
      "has_pufferfish_trophy": "2024-08-16 03:10:57 +0000"
    },
    "done": true
  },
  "aquaculture:recipes/aquaculture/redstone_hook": {
    "criteria": {
      "has_items": "2024-08-16 03:05:51 +0000"
    },
    "done": true
  },
  "minecraft:recipes/redstone/cherry_fence_gate": {
    "criteria": {
      "has_planks": "2024-08-16 03:10:57 +0000"
    },
    "done": true
  },
  "handcrafted:recipes/misc/cherry_chair": {
    "criteria": {
      "has_cherry_chair": "2024-08-16 03:10:57 +0000"
    },
    "done": true
  },
  "aquaculture:recipes/misc/gold_nugget_from_blasting": {
    "criteria": {
      "has_fishing_rod": "2024-08-16 03:05:51 +0000",
      "has_fillet_knife": "2024-08-16 03:05:51 +0000"
    },
    "done": true
  },
  "aquaculture:recipes/aquaculture/bobber": {
    "criteria": {
      "has_items": "2024-08-16 03:05:51 +0000"
    },
    "done": true
  },
  "aquaculture:recipes/misc/gold_nugget_from_gold_fish": {
    "criteria": {
      "has_items": "2024-08-16 03:05:51 +0000"
    },
    "done": true
  },
  "aquaculture:recipes/food/cooked_fish_fillet_from_smoking": {
    "criteria": {
      "has_items": "2024-08-16 03:05:51 +0000"
    },
    "done": true
  },
  "farmersdelight:main/root": {
    "criteria": {
      "seeds": "2024-08-16 03:05:51 +0000"
    },
    "done": true
  },
  "mcwtrpdoors:recipes/cherry/cherry_glass_trapdoor": {
    "criteria": {
      "has_logs": "2024-08-16 03:10:17 +0000"
    },
    "done": true
  },
  "aquaculture:recipes/food/cooked_fish_fillet": {
    "criteria": {
      "has_items": "2024-08-16 03:05:51 +0000"
    },
    "done": true
  },
  "brewery:main/root": {
    "criteria": {
      "seeds": "2024-08-16 03:05:51 +0000"
    },
    "done": true
  },
  "incendium:technical/using/trailblazer": {
    "criteria": {
      "log_spam_fixer": "2024-08-16 03:05:51 +0000"
    },
    "done": false
  },
  "minecraft:recipes/building_blocks/gray_concrete_powder": {
    "criteria": {
      "has_gravel": "2024-08-16 03:11:56 +0000"
    },
    "done": true
  },
  "handcrafted:recipes/misc/cherry_shelf": {
    "criteria": {
      "has_cherry_shelf": "2024-08-16 03:10:57 +0000"
    },
    "done": true
  },
  "minecraft:adventure/adventuring_time": {
    "criteria": {
      "minecraft:cherry_grove": "2024-08-16 03:07:32 +0000"
    },
    "done": false
  },
  "apotheosis:give_book": {
    "criteria": {
      "tick": "2024-08-16 03:05:51 +0000"
    },
    "done": true
  },
  "aquaculture:recipes/misc/neptunium_ingot_from_nuggets": {
    "criteria": {
      "has_items": "2024-08-16 03:05:51 +0000"
    },
    "done": true
  },
  "handcrafted:recipes/misc/cherry_pillar_trim": {
    "criteria": {
      "has_cherry_pillar_trim": "2024-08-16 03:10:57 +0000"
    },
    "done": true
  },
  "aquaculture:recipes/misc/iron_nugget_from_blasting": {
    "criteria": {
      "has_fishing_rod": "2024-08-16 03:05:51 +0000",
      "has_fillet_knife": "2024-08-16 03:05:51 +0000"
    },
    "done": true
  },
  "dungeons_arise:find_monasteries": {
    "criteria": {
      "location0": "2024-08-16 03:10:48 +0000"
    },
    "done": true
  },
  "aquaculture:recipes/decorations/jungle_fish_mount": {
    "criteria": {
      "has_items": "2024-08-16 03:05:51 +0000"
    },
    "done": true
  },
  "DataVersion": 3465
}